time,equity
2024-07-10 15:59:59.999000+00:00,20.0
2024-07-10 19:59:59.999000+00:00,20.0
2024-07-10 23:59:59.999000+00:00,20.0
2024-07-11 03:59:59.999000+00:00,20.0
2024-07-11 07:59:59.999000+00:00,20.0
2024-07-11 11:59:59.999000+00:00,20.0
2024-07-11 15:59:59.999000+00:00,20.0
2024-07-11 19:59:59.999000+00:00,20.0
2024-07-11 23:59:59.999000+00:00,20.0
2024-07-12 03:59:59.999000+00:00,20.0
2024-07-12 07:59:59.999000+00:00,20.0
2024-07-12 11:59:59.999000+00:00,20.0
2024-07-12 15:59:59.999000+00:00,20.0
2024-07-12 19:59:59.999000+00:00,20.0
2024-07-12 23:59:59.999000+00:00,20.0
2024-07-13 03:59:59.999000+00:00,20.0
2024-07-13 07:59:59.999000+00:00,20.0
2024-07-13 11:59:59.999000+00:00,20.0
2024-07-13 15:59:59.999000+00:00,20.0
2024-07-13 19:59:59.999000+00:00,20.0
2024-07-13 23:59:59.999000+00:00,20.0
2024-07-14 03:59:59.999000+00:00,20.0
2024-07-14 07:59:59.999000+00:00,20.0
2024-07-14 11:59:59.999000+00:00,20.0
2024-07-14 15:59:59.999000+00:00,20.0
2024-07-14 19:59:59.999000+00:00,20.0
2024-07-14 23:59:59.999000+00:00,20.0
2024-07-15 03:59:59.999000+00:00,20.0
2024-07-15 07:59:59.999000+00:00,20.0
2024-07-15 11:59:59.999000+00:00,20.0
2024-07-15 15:59:59.999000+00:00,20.0
2024-07-15 19:59:59.999000+00:00,20.0
2024-07-15 23:59:59.999000+00:00,20.0
2024-07-16 03:59:59.999000+00:00,20.0
2024-07-16 07:59:59.999000+00:00,20.0
2024-07-16 11:59:59.999000+00:00,20.0
2024-07-16 15:59:59.999000+00:00,20.0
2024-07-16 19:59:59.999000+00:00,20.0
2024-07-16 23:59:59.999000+00:00,20.0
2024-07-17 03:59:59.999000+00:00,20.0
2024-07-17 07:59:59.999000+00:00,20.0
2024-07-17 11:59:59.999000+00:00,20.0
2024-07-17 15:59:59.999000+00:00,20.0
2024-07-17 19:59:59.999000+00:00,20.0
2024-07-17 23:59:59.999000+00:00,20.0
2024-07-18 03:59:59.999000+00:00,20.0
2024-07-18 07:59:59.999000+00:00,20.0
2024-07-18 11:59:59.999000+00:00,20.0
2024-07-18 15:59:59.999000+00:00,20.0
2024-07-18 19:59:59.999000+00:00,20.0
2024-07-18 23:59:59.999000+00:00,20.0
2024-07-19 03:59:59.999000+00:00,20.0
2024-07-19 07:59:59.999000+00:00,20.0
2024-07-19 11:59:59.999000+00:00,20.0
2024-07-19 15:59:59.999000+00:00,20.0
2024-07-19 19:59:59.999000+00:00,20.0
2024-07-19 23:59:59.999000+00:00,20.0
2024-07-20 03:59:59.999000+00:00,20.0
2024-07-20 07:59:59.999000+00:00,20.0
2024-07-20 11:59:59.999000+00:00,20.0
2024-07-20 15:59:59.999000+00:00,20.0
2024-07-20 19:59:59.999000+00:00,20.0
2024-07-20 23:59:59.999000+00:00,20.0
2024-07-21 03:59:59.999000+00:00,20.0
2024-07-21 07:59:59.999000+00:00,20.0
2024-07-21 11:59:59.999000+00:00,20.0
2024-07-21 15:59:59.999000+00:00,20.0
2024-07-21 19:59:59.999000+00:00,20.0
2024-07-21 23:59:59.999000+00:00,20.0
2024-07-22 03:59:59.999000+00:00,20.0
2024-07-22 07:59:59.999000+00:00,20.0
2024-07-22 11:59:59.999000+00:00,20.0
2024-07-22 15:59:59.999000+00:00,20.0
2024-07-22 19:59:59.999000+00:00,20.0
2024-07-22 23:59:59.999000+00:00,20.0
2024-07-23 03:59:59.999000+00:00,20.0
2024-07-23 07:59:59.999000+00:00,20.0
2024-07-23 11:59:59.999000+00:00,20.0
2024-07-23 15:59:59.999000+00:00,20.0
2024-07-23 19:59:59.999000+00:00,20.0
2024-07-23 23:59:59.999000+00:00,20.0
2024-07-24 03:59:59.999000+00:00,20.0
2024-07-24 07:59:59.999000+00:00,20.0
2024-07-24 11:59:59.999000+00:00,20.0
2024-07-24 15:59:59.999000+00:00,20.0
2024-07-24 19:59:59.999000+00:00,20.0
2024-07-24 23:59:59.999000+00:00,20.0
2024-07-25 03:59:59.999000+00:00,20.0
2024-07-25 07:59:59.999000+00:00,20.0
2024-07-25 11:59:59.999000+00:00,20.0
2024-07-25 15:59:59.999000+00:00,20.0
2024-07-25 19:59:59.999000+00:00,20.0
2024-07-25 23:59:59.999000+00:00,20.0
2024-07-26 03:59:59.999000+00:00,20.0
2024-07-26 07:59:59.999000+00:00,20.0
2024-07-26 11:59:59.999000+00:00,20.0
2024-07-26 15:59:59.999000+00:00,20.0
2024-07-26 19:59:59.999000+00:00,20.0
2024-07-26 23:59:59.999000+00:00,20.0
2024-07-27 03:59:59.999000+00:00,20.0
2024-07-27 07:59:59.999000+00:00,20.0
2024-07-27 11:59:59.999000+00:00,20.0
2024-07-27 15:59:59.999000+00:00,20.0
2024-07-27 19:59:59.999000+00:00,20.0
2024-07-27 23:59:59.999000+00:00,20.0
2024-07-28 03:59:59.999000+00:00,20.0
2024-07-28 07:59:59.999000+00:00,20.0
2024-07-28 11:59:59.999000+00:00,20.0
2024-07-28 15:59:59.999000+00:00,20.0
2024-07-28 19:59:59.999000+00:00,20.0
2024-07-28 23:59:59.999000+00:00,20.0
2024-07-29 03:59:59.999000+00:00,20.0
2024-07-29 07:59:59.999000+00:00,20.0
2024-07-29 11:59:59.999000+00:00,20.0
2024-07-29 15:59:59.999000+00:00,20.0
2024-07-29 19:59:59.999000+00:00,20.0
2024-07-29 23:59:59.999000+00:00,20.0
2024-07-30 03:59:59.999000+00:00,20.0
2024-07-30 07:59:59.999000+00:00,20.0
2024-07-30 11:59:59.999000+00:00,20.0
2024-07-30 15:59:59.999000+00:00,20.0
2024-07-30 19:59:59.999000+00:00,20.0
2024-07-30 23:59:59.999000+00:00,20.0
2024-07-31 03:59:59.999000+00:00,20.0
2024-07-31 07:59:59.999000+00:00,20.0
2024-07-31 11:59:59.999000+00:00,20.0
2024-07-31 15:59:59.999000+00:00,20.0
2024-07-31 19:59:59.999000+00:00,20.0
2024-07-31 23:59:59.999000+00:00,20.0
2024-08-01 03:59:59.999000+00:00,20.0
2024-08-01 07:59:59.999000+00:00,20.0
2024-08-01 11:59:59.999000+00:00,20.0
2024-08-01 15:59:59.999000+00:00,20.0
2024-08-01 19:59:59.999000+00:00,20.0
2024-08-01 23:59:59.999000+00:00,20.0
2024-08-02 03:59:59.999000+00:00,20.0
2024-08-02 07:59:59.999000+00:00,20.0
2024-08-02 11:59:59.999000+00:00,20.0
2024-08-02 15:59:59.999000+00:00,20.0
2024-08-02 19:59:59.999000+00:00,20.0
2024-08-02 23:59:59.999000+00:00,20.0
2024-08-03 03:59:59.999000+00:00,20.0
2024-08-03 07:59:59.999000+00:00,20.0
2024-08-03 11:59:59.999000+00:00,20.0
2024-08-03 15:59:59.999000+00:00,20.0
2024-08-03 19:59:59.999000+00:00,20.0
2024-08-03 23:59:59.999000+00:00,20.0
2024-08-04 03:59:59.999000+00:00,20.0
2024-08-04 07:59:59.999000+00:00,20.0
2024-08-04 11:59:59.999000+00:00,20.0
2024-08-04 15:59:59.999000+00:00,20.0
2024-08-04 19:59:59.999000+00:00,20.0
2024-08-04 23:59:59.999000+00:00,20.0
2024-08-05 03:59:59.999000+00:00,20.0
2024-08-05 07:59:59.999000+00:00,20.0
2024-08-05 11:59:59.999000+00:00,20.0
2024-08-05 15:59:59.999000+00:00,20.0
2024-08-05 19:59:59.999000+00:00,20.0
2024-08-05 23:59:59.999000+00:00,20.0
2024-08-06 03:59:59.999000+00:00,20.0
2024-08-06 07:59:59.999000+00:00,20.0
2024-08-06 11:59:59.999000+00:00,20.0
2024-08-06 15:59:59.999000+00:00,20.0
2024-08-06 19:59:59.999000+00:00,20.0
2024-08-06 23:59:59.999000+00:00,20.0
2024-08-07 03:59:59.999000+00:00,20.0
2024-08-07 07:59:59.999000+00:00,20.0
2024-08-07 11:59:59.999000+00:00,20.0
2024-08-07 15:59:59.999000+00:00,20.0
2024-08-07 19:59:59.999000+00:00,20.0
2024-08-07 23:59:59.999000+00:00,20.0
2024-08-08 03:59:59.999000+00:00,20.0
2024-08-08 07:59:59.999000+00:00,20.0
2024-08-08 11:59:59.999000+00:00,20.0
2024-08-08 15:59:59.999000+00:00,20.0
2024-08-08 19:59:59.999000+00:00,20.0
2024-08-08 23:59:59.999000+00:00,20.0
2024-08-09 03:59:59.999000+00:00,20.0
2024-08-09 07:59:59.999000+00:00,20.0
2024-08-09 11:59:59.999000+00:00,20.0
2024-08-09 15:59:59.999000+00:00,20.0
2024-08-09 19:59:59.999000+00:00,20.0
2024-08-09 23:59:59.999000+00:00,20.0
2024-08-10 03:59:59.999000+00:00,20.0
2024-08-10 07:59:59.999000+00:00,20.0
2024-08-10 11:59:59.999000+00:00,20.0
2024-08-10 15:59:59.999000+00:00,20.0
2024-08-10 19:59:59.999000+00:00,20.0
2024-08-10 23:59:59.999000+00:00,20.0
2024-08-11 03:59:59.999000+00:00,20.0
2024-08-11 07:59:59.999000+00:00,20.0
2024-08-11 11:59:59.999000+00:00,20.0
2024-08-11 15:59:59.999000+00:00,20.0
2024-08-11 19:59:59.999000+00:00,20.0
2024-08-11 23:59:59.999000+00:00,20.0
2024-08-12 03:59:59.999000+00:00,20.0
2024-08-12 07:59:59.999000+00:00,20.0
2024-08-12 11:59:59.999000+00:00,20.0
2024-08-12 15:59:59.999000+00:00,20.0
2024-08-12 19:59:59.999000+00:00,20.0
2024-08-12 23:59:59.999000+00:00,20.0
2024-08-13 03:59:59.999000+00:00,20.0
2024-08-13 07:59:59.999000+00:00,20.0
2024-08-13 11:59:59.999000+00:00,20.0
2024-08-13 15:59:59.999000+00:00,20.0
2024-08-13 19:59:59.999000+00:00,20.0
2024-08-13 23:59:59.999000+00:00,20.0
2024-08-14 03:59:59.999000+00:00,20.0
2024-08-14 07:59:59.999000+00:00,20.0
2024-08-14 11:59:59.999000+00:00,20.0
2024-08-14 15:59:59.999000+00:00,20.0
2024-08-14 19:59:59.999000+00:00,20.0
2024-08-14 23:59:59.999000+00:00,20.0
2024-08-15 03:59:59.999000+00:00,20.0
2024-08-15 07:59:59.999000+00:00,20.0
2024-08-15 11:59:59.999000+00:00,20.0
2024-08-15 15:59:59.999000+00:00,20.0
2024-08-15 19:59:59.999000+00:00,20.0
2024-08-15 23:59:59.999000+00:00,20.0
2024-08-16 03:59:59.999000+00:00,20.0
2024-08-16 07:59:59.999000+00:00,20.0
2024-08-16 11:59:59.999000+00:00,20.0
2024-08-16 15:59:59.999000+00:00,20.0
2024-08-16 19:59:59.999000+00:00,20.0
2024-08-16 23:59:59.999000+00:00,20.0
2024-08-17 03:59:59.999000+00:00,20.0
2024-08-17 07:59:59.999000+00:00,20.0
2024-08-17 11:59:59.999000+00:00,20.0
2024-08-17 15:59:59.999000+00:00,20.0
2024-08-17 19:59:59.999000+00:00,20.0
2024-08-17 23:59:59.999000+00:00,20.0
2024-08-18 03:59:59.999000+00:00,20.0
2024-08-18 07:59:59.999000+00:00,20.0
2024-08-18 11:59:59.999000+00:00,20.0
2024-08-18 15:59:59.999000+00:00,20.0
2024-08-18 19:59:59.999000+00:00,20.0
2024-08-18 23:59:59.999000+00:00,20.0
2024-08-19 03:59:59.999000+00:00,20.0
2024-08-19 07:59:59.999000+00:00,20.0
2024-08-19 11:59:59.999000+00:00,20.0
2024-08-19 15:59:59.999000+00:00,20.0
2024-08-19 19:59:59.999000+00:00,20.0
2024-08-19 23:59:59.999000+00:00,20.0
2024-08-20 03:59:59.999000+00:00,20.0
2024-08-20 07:59:59.999000+00:00,20.0
2024-08-20 11:59:59.999000+00:00,20.0
2024-08-20 15:59:59.999000+00:00,19.783835736524452
2024-08-20 19:59:59.999000+00:00,19.783835736524452
2024-08-20 23:59:59.999000+00:00,19.783835736524452
2024-08-21 03:59:59.999000+00:00,19.783835736524452
2024-08-21 07:59:59.999000+00:00,19.783835736524452
2024-08-21 11:59:59.999000+00:00,19.726577517195103
2024-08-21 15:59:59.999000+00:00,19.7461633171951
2024-08-21 19:59:59.999000+00:00,20.0137293171951
2024-08-21 23:59:59.999000+00:00,19.9599132171951
2024-08-22 03:59:59.999000+00:00,19.880986317195102
2024-08-22 07:59:59.999000+00:00,19.9375896171951
2024-08-22 11:59:59.999000+00:00,19.983321017195102
2024-08-22 15:59:59.999000+00:00,19.862591317195104
2024-08-22 19:59:59.999000+00:00,19.8496693171951
2024-08-22 23:59:59.999000+00:00,19.858488517195102
2024-08-23 03:59:59.999000+00:00,19.886759617195104
2024-08-23 07:59:59.999000+00:00,19.9486344171951
2024-08-23 11:59:59.999000+00:00,19.9060477171951
2024-08-23 15:59:59.999000+00:00,20.008925817195102
2024-08-23 19:59:59.999000+00:00,20.152162153225554
2024-08-23 23:59:59.999000+00:00,20.152162153225554
2024-08-24 03:59:59.999000+00:00,20.152162153225554
2024-08-24 07:59:59.999000+00:00,20.152162153225554
2024-08-24 11:59:59.999000+00:00,20.152162153225554
2024-08-24 15:59:59.999000+00:00,20.152162153225554
2024-08-24 19:59:59.999000+00:00,20.152162153225554
2024-08-24 23:59:59.999000+00:00,20.152162153225554
2024-08-25 03:59:59.999000+00:00,20.152162153225554
2024-08-25 07:59:59.999000+00:00,20.152162153225554
2024-08-25 11:59:59.999000+00:00,20.152162153225554
2024-08-25 15:59:59.999000+00:00,20.152162153225554
2024-08-25 19:59:59.999000+00:00,20.152162153225554
2024-08-25 23:59:59.999000+00:00,20.152162153225554
2024-08-26 03:59:59.999000+00:00,20.152162153225554
2024-08-26 07:59:59.999000+00:00,20.152162153225554
2024-08-26 11:59:59.999000+00:00,20.152162153225554
2024-08-26 15:59:59.999000+00:00,20.152162153225554
2024-08-26 19:59:59.999000+00:00,20.152162153225554
2024-08-26 23:59:59.999000+00:00,20.152162153225554
2024-08-27 03:59:59.999000+00:00,20.152162153225554
2024-08-27 07:59:59.999000+00:00,20.152162153225554
2024-08-27 11:59:59.999000+00:00,20.152162153225554
2024-08-27 15:59:59.999000+00:00,20.152162153225554
2024-08-27 19:59:59.999000+00:00,20.152162153225554
2024-08-27 23:59:59.999000+00:00,20.152162153225554
2024-08-28 03:59:59.999000+00:00,20.152162153225554
2024-08-28 07:59:59.999000+00:00,20.152162153225554
2024-08-28 11:59:59.999000+00:00,20.152162153225554
2024-08-28 15:59:59.999000+00:00,20.152162153225554
2024-08-28 19:59:59.999000+00:00,20.152162153225554
2024-08-28 23:59:59.999000+00:00,20.152162153225554
2024-08-29 03:59:59.999000+00:00,20.152162153225554
2024-08-29 07:59:59.999000+00:00,20.152162153225554
2024-08-29 11:59:59.999000+00:00,20.152162153225554
2024-08-29 15:59:59.999000+00:00,20.152162153225554
2024-08-29 19:59:59.999000+00:00,20.152162153225554
2024-08-29 23:59:59.999000+00:00,20.152162153225554
2024-08-30 03:59:59.999000+00:00,20.152162153225554
2024-08-30 07:59:59.999000+00:00,20.152162153225554
2024-08-30 11:59:59.999000+00:00,20.152162153225554
2024-08-30 15:59:59.999000+00:00,20.152162153225554
2024-08-30 19:59:59.999000+00:00,20.152162153225554
2024-08-30 23:59:59.999000+00:00,20.152162153225554
2024-08-31 03:59:59.999000+00:00,20.152162153225554
2024-08-31 07:59:59.999000+00:00,20.152162153225554
2024-08-31 11:59:59.999000+00:00,20.152162153225554
2024-08-31 15:59:59.999000+00:00,20.152162153225554
2024-08-31 19:59:59.999000+00:00,20.152162153225554
2024-08-31 23:59:59.999000+00:00,20.152162153225554
2024-09-01 03:59:59.999000+00:00,20.152162153225554
2024-09-01 07:59:59.999000+00:00,20.152162153225554
2024-09-01 11:59:59.999000+00:00,20.152162153225554
2024-09-01 15:59:59.999000+00:00,20.152162153225554
2024-09-01 19:59:59.999000+00:00,20.152162153225554
2024-09-01 23:59:59.999000+00:00,20.152162153225554
2024-09-02 03:59:59.999000+00:00,20.152162153225554
2024-09-02 07:59:59.999000+00:00,20.152162153225554
2024-09-02 11:59:59.999000+00:00,20.152162153225554
2024-09-02 15:59:59.999000+00:00,20.152162153225554
2024-09-02 19:59:59.999000+00:00,20.152162153225554
2024-09-02 23:59:59.999000+00:00,20.152162153225554
2024-09-03 03:59:59.999000+00:00,20.152162153225554
2024-09-03 07:59:59.999000+00:00,20.152162153225554
2024-09-03 11:59:59.999000+00:00,20.152162153225554
2024-09-03 15:59:59.999000+00:00,20.152162153225554
2024-09-03 19:59:59.999000+00:00,20.152162153225554
2024-09-03 23:59:59.999000+00:00,20.152162153225554
2024-09-04 03:59:59.999000+00:00,20.152162153225554
2024-09-04 07:59:59.999000+00:00,20.152162153225554
2024-09-04 11:59:59.999000+00:00,20.152162153225554
2024-09-04 15:59:59.999000+00:00,20.152162153225554
2024-09-04 19:59:59.999000+00:00,20.152162153225554
2024-09-04 23:59:59.999000+00:00,20.152162153225554
2024-09-05 03:59:59.999000+00:00,20.152162153225554
2024-09-05 07:59:59.999000+00:00,20.152162153225554
2024-09-05 11:59:59.999000+00:00,20.152162153225554
2024-09-05 15:59:59.999000+00:00,20.152162153225554
2024-09-05 19:59:59.999000+00:00,20.152162153225554
2024-09-05 23:59:59.999000+00:00,20.152162153225554
2024-09-06 03:59:59.999000+00:00,20.152162153225554
2024-09-06 07:59:59.999000+00:00,20.152162153225554
2024-09-06 11:59:59.999000+00:00,20.152162153225554
2024-09-06 15:59:59.999000+00:00,20.152162153225554
2024-09-06 19:59:59.999000+00:00,20.152162153225554
2024-09-06 23:59:59.999000+00:00,20.152162153225554
2024-09-07 03:59:59.999000+00:00,20.152162153225554
2024-09-07 07:59:59.999000+00:00,20.152162153225554
2024-09-07 11:59:59.999000+00:00,20.152162153225554
2024-09-07 15:59:59.999000+00:00,20.152162153225554
2024-09-07 19:59:59.999000+00:00,20.152162153225554
2024-09-07 23:59:59.999000+00:00,20.152162153225554
2024-09-08 03:59:59.999000+00:00,20.152162153225554
2024-09-08 07:59:59.999000+00:00,20.152162153225554
2024-09-08 11:59:59.999000+00:00,20.152162153225554
2024-09-08 15:59:59.999000+00:00,20.152162153225554
2024-09-08 19:59:59.999000+00:00,20.152162153225554
2024-09-08 23:59:59.999000+00:00,20.152162153225554
2024-09-09 03:59:59.999000+00:00,20.152162153225554
2024-09-09 07:59:59.999000+00:00,20.152162153225554
2024-09-09 11:59:59.999000+00:00,20.152162153225554
2024-09-09 15:59:59.999000+00:00,20.152162153225554
2024-09-09 19:59:59.999000+00:00,20.152162153225554
2024-09-09 23:59:59.999000+00:00,20.152162153225554
2024-09-10 03:59:59.999000+00:00,20.152162153225554
2024-09-10 07:59:59.999000+00:00,20.152162153225554
2024-09-10 11:59:59.999000+00:00,20.152162153225554
2024-09-10 15:59:59.999000+00:00,20.152162153225554
2024-09-10 19:59:59.999000+00:00,20.152162153225554
2024-09-10 23:59:59.999000+00:00,20.152162153225554
2024-09-11 03:59:59.999000+00:00,20.152162153225554
2024-09-11 07:59:59.999000+00:00,20.152162153225554
2024-09-11 11:59:59.999000+00:00,20.152162153225554
2024-09-11 15:59:59.999000+00:00,20.152162153225554
2024-09-11 19:59:59.999000+00:00,20.152162153225554
2024-09-11 23:59:59.999000+00:00,20.152162153225554
2024-09-12 03:59:59.999000+00:00,20.152162153225554
2024-09-12 07:59:59.999000+00:00,20.128508885748104
2024-09-12 11:59:59.999000+00:00,20.118086785748105
2024-09-12 15:59:59.999000+00:00,20.047111985748103
2024-09-12 19:59:59.999000+00:00,20.1609880857481
2024-09-12 23:59:59.999000+00:00,20.127749685748103
2024-09-13 03:59:59.999000+00:00,20.0905241857481
2024-09-13 07:59:59.999000+00:00,20.124758385748102
2024-09-13 11:59:59.999000+00:00,20.0937910857481
2024-09-13 15:59:59.999000+00:00,20.327307485748104
2024-09-13 19:59:59.999000+00:00,20.337266785748103
2024-09-13 23:59:59.999000+00:00,20.435288085748105
2024-09-14 03:59:59.999000+00:00,20.413366185748103
2024-09-14 07:59:59.999000+00:00,20.388506285748104
2024-09-14 11:59:59.999000+00:00,20.332378785748105
2024-09-14 15:59:59.999000+00:00,20.354428085748104
2024-09-14 19:59:59.999000+00:00,20.345848085748102
2024-09-14 23:59:59.999000+00:00,20.369641985748103
2024-09-15 03:59:59.999000+00:00,20.390818985748105
2024-09-15 07:59:59.999000+00:00,20.396028085748103
2024-09-15 11:59:59.999000+00:00,20.370614385748105
2024-09-15 15:59:59.999000+00:00,20.414151385748106
2024-09-15 19:59:59.999000+00:00,20.3547166857481
2024-09-15 23:59:59.999000+00:00,20.257708085748103
2024-09-16 03:59:59.999000+00:00,20.185309785748103
2024-09-16 07:59:59.999000+00:00,20.228991085748103
2024-09-16 11:59:59.999000+00:00,20.196866785748103
2024-09-16 15:59:59.999000+00:00,20.095167785748103
2024-09-16 19:59:59.999000+00:00,20.103266785748104
2024-09-16 23:59:59.999000+00:00,20.138366785748104
2024-09-17 03:59:59.999000+00:00,20.118348085748103
2024-09-17 07:59:59.999000+00:00,20.200948785748103
2024-09-17 11:59:59.999000+00:00,20.251076785748104
2024-09-17 15:59:59.999000+00:00,20.511363850768554
2024-09-17 19:59:59.999000+00:00,20.511363850768554
2024-09-17 23:59:59.999000+00:00,20.511363850768554
2024-09-18 03:59:59.999000+00:00,20.511363850768554
2024-09-18 07:59:59.999000+00:00,20.511363850768554
2024-09-18 11:59:59.999000+00:00,20.511363850768554
2024-09-18 15:59:59.999000+00:00,20.511363850768554
2024-09-18 19:59:59.999000+00:00,20.511363850768554
2024-09-18 23:59:59.999000+00:00,20.511363850768554
2024-09-19 03:59:59.999000+00:00,20.511363850768554
2024-09-19 07:59:59.999000+00:00,20.511363850768554
2024-09-19 11:59:59.999000+00:00,20.511363850768554
2024-09-19 15:59:59.999000+00:00,20.511363850768554
2024-09-19 19:59:59.999000+00:00,20.511363850768554
2024-09-19 23:59:59.999000+00:00,20.511363850768554
2024-09-20 03:59:59.999000+00:00,20.511363850768554
2024-09-20 07:59:59.999000+00:00,20.511363850768554
2024-09-20 11:59:59.999000+00:00,20.511363850768554
2024-09-20 15:59:59.999000+00:00,20.511363850768554
2024-09-20 19:59:59.999000+00:00,20.511363850768554
2024-09-20 23:59:59.999000+00:00,20.511363850768554
2024-09-21 03:59:59.999000+00:00,20.511363850768554
2024-09-21 07:59:59.999000+00:00,20.511363850768554
2024-09-21 11:59:59.999000+00:00,20.511363850768554
2024-09-21 15:59:59.999000+00:00,20.511363850768554
2024-09-21 19:59:59.999000+00:00,20.511363850768554
2024-09-21 23:59:59.999000+00:00,20.511363850768554
2024-09-22 03:59:59.999000+00:00,20.511363850768554
2024-09-22 07:59:59.999000+00:00,20.511363850768554
2024-09-22 11:59:59.999000+00:00,20.511363850768554
2024-09-22 15:59:59.999000+00:00,20.511363850768554
2024-09-22 19:59:59.999000+00:00,20.511363850768554
2024-09-22 23:59:59.999000+00:00,20.511363850768554
2024-09-23 03:59:59.999000+00:00,20.511363850768554
2024-09-23 07:59:59.999000+00:00,20.511363850768554
2024-09-23 11:59:59.999000+00:00,20.511363850768554
2024-09-23 15:59:59.999000+00:00,20.511363850768554
2024-09-23 19:59:59.999000+00:00,20.511363850768554
2024-09-23 23:59:59.999000+00:00,20.511363850768554
2024-09-24 03:59:59.999000+00:00,20.511363850768554
2024-09-24 07:59:59.999000+00:00,20.511363850768554
2024-09-24 11:59:59.999000+00:00,20.511363850768554
2024-09-24 15:59:59.999000+00:00,20.511363850768554
2024-09-24 19:59:59.999000+00:00,20.511363850768554
2024-09-24 23:59:59.999000+00:00,20.511363850768554
2024-09-25 03:59:59.999000+00:00,20.511363850768554
2024-09-25 07:59:59.999000+00:00,20.511363850768554
2024-09-25 11:59:59.999000+00:00,20.511363850768554
2024-09-25 15:59:59.999000+00:00,20.511363850768554
2024-09-25 19:59:59.999000+00:00,20.511363850768554
2024-09-25 23:59:59.999000+00:00,20.511363850768554
2024-09-26 03:59:59.999000+00:00,20.511363850768554
2024-09-26 07:59:59.999000+00:00,20.511363850768554
2024-09-26 11:59:59.999000+00:00,20.511363850768554
2024-09-26 15:59:59.999000+00:00,20.511363850768554
2024-09-26 19:59:59.999000+00:00,20.511363850768554
2024-09-26 23:59:59.999000+00:00,20.511363850768554
2024-09-27 03:59:59.999000+00:00,20.511363850768554
2024-09-27 07:59:59.999000+00:00,20.511363850768554
2024-09-27 11:59:59.999000+00:00,20.511363850768554
2024-09-27 15:59:59.999000+00:00,20.511363850768554
2024-09-27 19:59:59.999000+00:00,20.511363850768554
2024-09-27 23:59:59.999000+00:00,20.511363850768554
2024-09-28 03:59:59.999000+00:00,20.511363850768554
2024-09-28 07:59:59.999000+00:00,20.511363850768554
2024-09-28 11:59:59.999000+00:00,20.511363850768554
2024-09-28 15:59:59.999000+00:00,20.511363850768554
2024-09-28 19:59:59.999000+00:00,20.511363850768554
2024-09-28 23:59:59.999000+00:00,20.511363850768554
2024-09-29 03:59:59.999000+00:00,20.511363850768554
2024-09-29 07:59:59.999000+00:00,20.511363850768554
2024-09-29 11:59:59.999000+00:00,20.511363850768554
2024-09-29 15:59:59.999000+00:00,20.511363850768554
2024-09-29 19:59:59.999000+00:00,20.511363850768554
2024-09-29 23:59:59.999000+00:00,20.511363850768554
2024-09-30 03:59:59.999000+00:00,20.511363850768554
2024-09-30 07:59:59.999000+00:00,20.511363850768554
2024-09-30 11:59:59.999000+00:00,20.511363850768554
2024-09-30 15:59:59.999000+00:00,20.511363850768554
2024-09-30 19:59:59.999000+00:00,20.511363850768554
2024-09-30 23:59:59.999000+00:00,20.511363850768554
2024-10-01 03:59:59.999000+00:00,20.511363850768554
2024-10-01 07:59:59.999000+00:00,20.511363850768554
2024-10-01 11:59:59.999000+00:00,20.511363850768554
2024-10-01 15:59:59.999000+00:00,20.511363850768554
2024-10-01 19:59:59.999000+00:00,20.511363850768554
2024-10-01 23:59:59.999000+00:00,20.511363850768554
2024-10-02 03:59:59.999000+00:00,20.511363850768554
2024-10-02 07:59:59.999000+00:00,20.511363850768554
2024-10-02 11:59:59.999000+00:00,20.511363850768554
2024-10-02 15:59:59.999000+00:00,20.511363850768554
2024-10-02 19:59:59.999000+00:00,20.511363850768554
2024-10-02 23:59:59.999000+00:00,20.511363850768554
2024-10-03 03:59:59.999000+00:00,20.511363850768554
2024-10-03 07:59:59.999000+00:00,20.511363850768554
2024-10-03 11:59:59.999000+00:00,20.511363850768554
2024-10-03 15:59:59.999000+00:00,20.511363850768554
2024-10-03 19:59:59.999000+00:00,20.511363850768554
2024-10-03 23:59:59.999000+00:00,20.511363850768554
2024-10-04 03:59:59.999000+00:00,20.511363850768554
2024-10-04 07:59:59.999000+00:00,20.511363850768554
2024-10-04 11:59:59.999000+00:00,20.511363850768554
2024-10-04 15:59:59.999000+00:00,20.511363850768554
2024-10-04 19:59:59.999000+00:00,20.511363850768554
2024-10-04 23:59:59.999000+00:00,20.511363850768554
2024-10-05 03:59:59.999000+00:00,20.511363850768554
2024-10-05 07:59:59.999000+00:00,20.511363850768554
2024-10-05 11:59:59.999000+00:00,20.511363850768554
2024-10-05 15:59:59.999000+00:00,20.511363850768554
2024-10-05 19:59:59.999000+00:00,20.511363850768554
2024-10-05 23:59:59.999000+00:00,20.511363850768554
2024-10-06 03:59:59.999000+00:00,20.511363850768554
2024-10-06 07:59:59.999000+00:00,20.511363850768554
2024-10-06 11:59:59.999000+00:00,20.511363850768554
2024-10-06 15:59:59.999000+00:00,20.511363850768554
2024-10-06 19:59:59.999000+00:00,20.511363850768554
2024-10-06 23:59:59.999000+00:00,20.511363850768554
2024-10-07 03:59:59.999000+00:00,20.511363850768554
2024-10-07 07:59:59.999000+00:00,20.511363850768554
2024-10-07 11:59:59.999000+00:00,20.511363850768554
2024-10-07 15:59:59.999000+00:00,20.511363850768554
2024-10-07 19:59:59.999000+00:00,20.511363850768554
2024-10-07 23:59:59.999000+00:00,20.511363850768554
2024-10-08 03:59:59.999000+00:00,20.511363850768554
2024-10-08 07:59:59.999000+00:00,20.511363850768554
2024-10-08 11:59:59.999000+00:00,20.511363850768554
2024-10-08 15:59:59.999000+00:00,20.511363850768554
2024-10-08 19:59:59.999000+00:00,20.511363850768554
2024-10-08 23:59:59.999000+00:00,20.511363850768554
2024-10-09 03:59:59.999000+00:00,20.511363850768554
2024-10-09 07:59:59.999000+00:00,20.511363850768554
2024-10-09 11:59:59.999000+00:00,20.511363850768554
2024-10-09 15:59:59.999000+00:00,20.511363850768554
2024-10-09 19:59:59.999000+00:00,20.511363850768554
2024-10-09 23:59:59.999000+00:00,20.511363850768554
2024-10-10 03:59:59.999000+00:00,20.511363850768554
2024-10-10 07:59:59.999000+00:00,20.511363850768554
2024-10-10 11:59:59.999000+00:00,20.511363850768554
2024-10-10 15:59:59.999000+00:00,20.511363850768554
2024-10-10 19:59:59.999000+00:00,20.511363850768554
2024-10-10 23:59:59.999000+00:00,20.511363850768554
2024-10-11 03:59:59.999000+00:00,20.511363850768554
2024-10-11 07:59:59.999000+00:00,20.511363850768554
2024-10-11 11:59:59.999000+00:00,20.511363850768554
2024-10-11 15:59:59.999000+00:00,20.511363850768554
2024-10-11 19:59:59.999000+00:00,20.511363850768554
2024-10-11 23:59:59.999000+00:00,20.511363850768554
2024-10-12 03:59:59.999000+00:00,20.511363850768554
2024-10-12 07:59:59.999000+00:00,20.511363850768554
2024-10-12 11:59:59.999000+00:00,20.511363850768554
2024-10-12 15:59:59.999000+00:00,20.511363850768554
2024-10-12 19:59:59.999000+00:00,20.511363850768554
2024-10-12 23:59:59.999000+00:00,20.511363850768554
2024-10-13 03:59:59.999000+00:00,20.440712536994752
2024-10-13 07:59:59.999000+00:00,20.456452936994754
2024-10-13 11:59:59.999000+00:00,20.422594936994752
2024-10-13 15:59:59.999000+00:00,20.38275253699475
2024-10-13 19:59:59.999000+00:00,20.44335373699475
2024-10-13 23:59:59.999000+00:00,20.459637736994754
2024-10-14 03:59:59.999000+00:00,20.631234136994753
2024-10-14 07:59:59.999000+00:00,20.669739736994753
2024-10-14 11:59:59.999000+00:00,20.705642536994752
2024-10-14 15:59:59.999000+00:00,20.819635336994754
2024-10-14 19:59:59.999000+00:00,20.827963336994753
2024-10-14 23:59:59.999000+00:00,20.871253771377955
2024-10-15 03:59:59.999000+00:00,20.871253771377955
2024-10-15 07:59:59.999000+00:00,20.871253771377955
2024-10-15 11:59:59.999000+00:00,20.871253771377955
2024-10-15 15:59:59.999000+00:00,20.871253771377955
2024-10-15 19:59:59.999000+00:00,20.871253771377955
2024-10-15 23:59:59.999000+00:00,20.871253771377955
2024-10-16 03:59:59.999000+00:00,20.871253771377955
2024-10-16 07:59:59.999000+00:00,20.871253771377955
2024-10-16 11:59:59.999000+00:00,20.871253771377955
2024-10-16 15:59:59.999000+00:00,20.871253771377955
2024-10-16 19:59:59.999000+00:00,20.871253771377955
2024-10-16 23:59:59.999000+00:00,20.871253771377955
2024-10-17 03:59:59.999000+00:00,20.871253771377955
2024-10-17 07:59:59.999000+00:00,20.871253771377955
2024-10-17 11:59:59.999000+00:00,20.871253771377955
2024-10-17 15:59:59.999000+00:00,20.871253771377955
2024-10-17 19:59:59.999000+00:00,20.871253771377955
2024-10-17 23:59:59.999000+00:00,20.871253771377955
2024-10-18 03:59:59.999000+00:00,20.871253771377955
2024-10-18 07:59:59.999000+00:00,20.871253771377955
2024-10-18 11:59:59.999000+00:00,20.871253771377955
2024-10-18 15:59:59.999000+00:00,20.871253771377955
2024-10-18 19:59:59.999000+00:00,20.871253771377955
2024-10-18 23:59:59.999000+00:00,20.871253771377955
2024-10-19 03:59:59.999000+00:00,20.871253771377955
2024-10-19 07:59:59.999000+00:00,20.871253771377955
2024-10-19 11:59:59.999000+00:00,20.871253771377955
2024-10-19 15:59:59.999000+00:00,20.871253771377955
2024-10-19 19:59:59.999000+00:00,20.871253771377955
2024-10-19 23:59:59.999000+00:00,20.871253771377955
2024-10-20 03:59:59.999000+00:00,20.871253771377955
2024-10-20 07:59:59.999000+00:00,20.871253771377955
2024-10-20 11:59:59.999000+00:00,20.871253771377955
2024-10-20 15:59:59.999000+00:00,20.871253771377955
2024-10-20 19:59:59.999000+00:00,20.871253771377955
2024-10-20 23:59:59.999000+00:00,20.871253771377955
2024-10-21 03:59:59.999000+00:00,20.871253771377955
2024-10-21 07:59:59.999000+00:00,20.871253771377955
2024-10-21 11:59:59.999000+00:00,20.871253771377955
2024-10-21 15:59:59.999000+00:00,20.871253771377955
2024-10-21 19:59:59.999000+00:00,20.871253771377955
2024-10-21 23:59:59.999000+00:00,20.871253771377955
2024-10-22 03:59:59.999000+00:00,20.871253771377955
2024-10-22 07:59:59.999000+00:00,20.871253771377955
2024-10-22 11:59:59.999000+00:00,20.871253771377955
2024-10-22 15:59:59.999000+00:00,20.871253771377955
2024-10-22 19:59:59.999000+00:00,20.871253771377955
2024-10-22 23:59:59.999000+00:00,20.871253771377955
2024-10-23 03:59:59.999000+00:00,20.871253771377955
2024-10-23 07:59:59.999000+00:00,20.871253771377955
2024-10-23 11:59:59.999000+00:00,20.871253771377955
2024-10-23 15:59:59.999000+00:00,20.871253771377955
2024-10-23 19:59:59.999000+00:00,20.871253771377955
2024-10-23 23:59:59.999000+00:00,20.871253771377955
2024-10-24 03:59:59.999000+00:00,20.871253771377955
2024-10-24 07:59:59.999000+00:00,20.871253771377955
2024-10-24 11:59:59.999000+00:00,20.871253771377955
2024-10-24 15:59:59.999000+00:00,20.871253771377955
2024-10-24 19:59:59.999000+00:00,20.871253771377955
2024-10-24 23:59:59.999000+00:00,20.871253771377955
2024-10-25 03:59:59.999000+00:00,20.871253771377955
2024-10-25 07:59:59.999000+00:00,20.871253771377955
2024-10-25 11:59:59.999000+00:00,20.871253771377955
2024-10-25 15:59:59.999000+00:00,20.871253771377955
2024-10-25 19:59:59.999000+00:00,20.871253771377955
2024-10-25 23:59:59.999000+00:00,20.871253771377955
2024-10-26 03:59:59.999000+00:00,20.871253771377955
2024-10-26 07:59:59.999000+00:00,20.871253771377955
2024-10-26 11:59:59.999000+00:00,20.871253771377955
2024-10-26 15:59:59.999000+00:00,20.871253771377955
2024-10-26 19:59:59.999000+00:00,20.871253771377955
2024-10-26 23:59:59.999000+00:00,20.871253771377955
2024-10-27 03:59:59.999000+00:00,20.871253771377955
2024-10-27 07:59:59.999000+00:00,20.871253771377955
2024-10-27 11:59:59.999000+00:00,20.871253771377955
2024-10-27 15:59:59.999000+00:00,20.871253771377955
2024-10-27 19:59:59.999000+00:00,20.871253771377955
2024-10-27 23:59:59.999000+00:00,20.871253771377955
2024-10-28 03:59:59.999000+00:00,20.871253771377955
2024-10-28 07:59:59.999000+00:00,20.871253771377955
2024-10-28 11:59:59.999000+00:00,20.871253771377955
2024-10-28 15:59:59.999000+00:00,20.871253771377955
2024-10-28 19:59:59.999000+00:00,20.871253771377955
2024-10-28 23:59:59.999000+00:00,20.871253771377955
2024-10-29 03:59:59.999000+00:00,20.871253771377955
2024-10-29 07:59:59.999000+00:00,20.871253771377955
2024-10-29 11:59:59.999000+00:00,20.871253771377955
2024-10-29 15:59:59.999000+00:00,20.871253771377955
2024-10-29 19:59:59.999000+00:00,20.871253771377955
2024-10-29 23:59:59.999000+00:00,20.871253771377955
2024-10-30 03:59:59.999000+00:00,20.871253771377955
2024-10-30 07:59:59.999000+00:00,20.871253771377955
2024-10-30 11:59:59.999000+00:00,20.871253771377955
2024-10-30 15:59:59.999000+00:00,20.871253771377955
2024-10-30 19:59:59.999000+00:00,20.871253771377955
2024-10-30 23:59:59.999000+00:00,20.871253771377955
2024-10-31 03:59:59.999000+00:00,20.871253771377955
2024-10-31 07:59:59.999000+00:00,20.871253771377955
2024-10-31 11:59:59.999000+00:00,20.871253771377955
2024-10-31 15:59:59.999000+00:00,20.871253771377955
2024-10-31 19:59:59.999000+00:00,20.871253771377955
2024-10-31 23:59:59.999000+00:00,20.871253771377955
2024-11-01 03:59:59.999000+00:00,20.871253771377955
2024-11-01 07:59:59.999000+00:00,20.871253771377955
2024-11-01 11:59:59.999000+00:00,20.871253771377955
2024-11-01 15:59:59.999000+00:00,20.871253771377955
2024-11-01 19:59:59.999000+00:00,20.871253771377955
2024-11-01 23:59:59.999000+00:00,20.871253771377955
2024-11-02 03:59:59.999000+00:00,20.871253771377955
2024-11-02 07:59:59.999000+00:00,20.871253771377955
2024-11-02 11:59:59.999000+00:00,20.871253771377955
2024-11-02 15:59:59.999000+00:00,20.871253771377955
2024-11-02 19:59:59.999000+00:00,20.871253771377955
2024-11-02 23:59:59.999000+00:00,20.871253771377955
2024-11-03 03:59:59.999000+00:00,20.871253771377955
2024-11-03 07:59:59.999000+00:00,20.871253771377955
2024-11-03 11:59:59.999000+00:00,20.871253771377955
2024-11-03 15:59:59.999000+00:00,20.871253771377955
2024-11-03 19:59:59.999000+00:00,20.871253771377955
2024-11-03 23:59:59.999000+00:00,20.871253771377955
2024-11-04 03:59:59.999000+00:00,20.871253771377955
2024-11-04 07:59:59.999000+00:00,20.871253771377955
2024-11-04 11:59:59.999000+00:00,20.871253771377955
2024-11-04 15:59:59.999000+00:00,20.871253771377955
2024-11-04 19:59:59.999000+00:00,20.871253771377955
2024-11-04 23:59:59.999000+00:00,20.871253771377955
2024-11-05 03:59:59.999000+00:00,20.871253771377955
2024-11-05 07:59:59.999000+00:00,20.871253771377955
2024-11-05 11:59:59.999000+00:00,20.871253771377955
2024-11-05 15:59:59.999000+00:00,20.871253771377955
2024-11-05 19:59:59.999000+00:00,20.871253771377955
2024-11-05 23:59:59.999000+00:00,20.871253771377955
2024-11-06 03:59:59.999000+00:00,20.871253771377955
2024-11-06 07:59:59.999000+00:00,20.871253771377955
2024-11-06 11:59:59.999000+00:00,20.871253771377955
2024-11-06 15:59:59.999000+00:00,20.871253771377955
2024-11-06 19:59:59.999000+00:00,20.871253771377955
2024-11-06 23:59:59.999000+00:00,20.871253771377955
2024-11-07 03:59:59.999000+00:00,20.871253771377955
2024-11-07 07:59:59.999000+00:00,20.871253771377955
2024-11-07 11:59:59.999000+00:00,20.871253771377955
2024-11-07 15:59:59.999000+00:00,20.871253771377955
2024-11-07 19:59:59.999000+00:00,20.871253771377955
2024-11-07 23:59:59.999000+00:00,20.871253771377955
2024-11-08 03:59:59.999000+00:00,20.871253771377955
2024-11-08 07:59:59.999000+00:00,20.871253771377955
2024-11-08 11:59:59.999000+00:00,20.871253771377955
2024-11-08 15:59:59.999000+00:00,20.871253771377955
2024-11-08 19:59:59.999000+00:00,20.871253771377955
2024-11-08 23:59:59.999000+00:00,20.871253771377955
2024-11-09 03:59:59.999000+00:00,20.871253771377955
2024-11-09 07:59:59.999000+00:00,20.871253771377955
2024-11-09 11:59:59.999000+00:00,20.871253771377955
2024-11-09 15:59:59.999000+00:00,20.871253771377955
2024-11-09 19:59:59.999000+00:00,20.871253771377955
2024-11-09 23:59:59.999000+00:00,20.871253771377955
2024-11-10 03:59:59.999000+00:00,20.871253771377955
2024-11-10 07:59:59.999000+00:00,20.871253771377955
2024-11-10 11:59:59.999000+00:00,20.871253771377955
2024-11-10 15:59:59.999000+00:00,20.871253771377955
2024-11-10 19:59:59.999000+00:00,20.871253771377955
2024-11-10 23:59:59.999000+00:00,20.871253771377955
2024-11-11 03:59:59.999000+00:00,20.871253771377955
2024-11-11 07:59:59.999000+00:00,20.871253771377955
2024-11-11 11:59:59.999000+00:00,20.871253771377955
2024-11-11 15:59:59.999000+00:00,20.871253771377955
2024-11-11 19:59:59.999000+00:00,20.871253771377955
2024-11-11 23:59:59.999000+00:00,20.871253771377955
2024-11-12 03:59:59.999000+00:00,20.871253771377955
2024-11-12 07:59:59.999000+00:00,20.871253771377955
2024-11-12 11:59:59.999000+00:00,20.871253771377955
2024-11-12 15:59:59.999000+00:00,20.871253771377955
2024-11-12 19:59:59.999000+00:00,20.871253771377955
2024-11-12 23:59:59.999000+00:00,20.871253771377955
2024-11-13 03:59:59.999000+00:00,20.871253771377955
2024-11-13 07:59:59.999000+00:00,20.871253771377955
2024-11-13 11:59:59.999000+00:00,20.871253771377955
2024-11-13 15:59:59.999000+00:00,20.871253771377955
2024-11-13 19:59:59.999000+00:00,20.871253771377955
2024-11-13 23:59:59.999000+00:00,20.871253771377955
2024-11-14 03:59:59.999000+00:00,20.871253771377955
2024-11-14 07:59:59.999000+00:00,20.871253771377955
2024-11-14 11:59:59.999000+00:00,20.871253771377955
2024-11-14 15:59:59.999000+00:00,20.871253771377955
2024-11-14 19:59:59.999000+00:00,20.871253771377955
2024-11-14 23:59:59.999000+00:00,20.871253771377955
2024-11-15 03:59:59.999000+00:00,20.871253771377955
2024-11-15 07:59:59.999000+00:00,20.871253771377955
2024-11-15 11:59:59.999000+00:00,20.871253771377955
2024-11-15 15:59:59.999000+00:00,20.871253771377955
2024-11-15 19:59:59.999000+00:00,20.871253771377955
2024-11-15 23:59:59.999000+00:00,20.871253771377955
2024-11-16 03:59:59.999000+00:00,20.871253771377955
2024-11-16 07:59:59.999000+00:00,20.871253771377955
2024-11-16 11:59:59.999000+00:00,20.871253771377955
2024-11-16 15:59:59.999000+00:00,20.871253771377955
2024-11-16 19:59:59.999000+00:00,20.871253771377955
2024-11-16 23:59:59.999000+00:00,20.871253771377955
2024-11-17 03:59:59.999000+00:00,20.871253771377955
2024-11-17 07:59:59.999000+00:00,20.871253771377955
2024-11-17 11:59:59.999000+00:00,20.871253771377955
2024-11-17 15:59:59.999000+00:00,20.871253771377955
2024-11-17 19:59:59.999000+00:00,20.871253771377955
2024-11-17 23:59:59.999000+00:00,20.871253771377955
2024-11-18 03:59:59.999000+00:00,20.871253771377955
2024-11-18 07:59:59.999000+00:00,20.871253771377955
2024-11-18 11:59:59.999000+00:00,20.871253771377955
2024-11-18 15:59:59.999000+00:00,20.871253771377955
2024-11-18 19:59:59.999000+00:00,20.871253771377955
2024-11-18 23:59:59.999000+00:00,20.871253771377955
2024-11-19 03:59:59.999000+00:00,20.871253771377955
2024-11-19 07:59:59.999000+00:00,20.871253771377955
2024-11-19 11:59:59.999000+00:00,20.871253771377955
2024-11-19 15:59:59.999000+00:00,20.871253771377955
2024-11-19 19:59:59.999000+00:00,20.871253771377955
2024-11-19 23:59:59.999000+00:00,20.871253771377955
2024-11-20 03:59:59.999000+00:00,20.871253771377955
2024-11-20 07:59:59.999000+00:00,20.871253771377955
2024-11-20 11:59:59.999000+00:00,20.871253771377955
2024-11-20 15:59:59.999000+00:00,20.871253771377955
2024-11-20 19:59:59.999000+00:00,20.871253771377955
2024-11-20 23:59:59.999000+00:00,20.871253771377955
2024-11-21 03:59:59.999000+00:00,20.871253771377955
2024-11-21 07:59:59.999000+00:00,20.871253771377955
2024-11-21 11:59:59.999000+00:00,20.871253771377955
2024-11-21 15:59:59.999000+00:00,20.871253771377955
2024-11-21 19:59:59.999000+00:00,20.871253771377955
2024-11-21 23:59:59.999000+00:00,20.871253771377955
2024-11-22 03:59:59.999000+00:00,20.871253771377955
2024-11-22 07:59:59.999000+00:00,20.871253771377955
2024-11-22 11:59:59.999000+00:00,20.871253771377955
2024-11-22 15:59:59.999000+00:00,20.871253771377955
2024-11-22 19:59:59.999000+00:00,20.871253771377955
2024-11-22 23:59:59.999000+00:00,20.871253771377955
2024-11-23 03:59:59.999000+00:00,20.871253771377955
2024-11-23 07:59:59.999000+00:00,20.871253771377955
2024-11-23 11:59:59.999000+00:00,20.871253771377955
2024-11-23 15:59:59.999000+00:00,20.871253771377955
2024-11-23 19:59:59.999000+00:00,20.871253771377955
2024-11-23 23:59:59.999000+00:00,20.871253771377955
2024-11-24 03:59:59.999000+00:00,20.871253771377955
2024-11-24 07:59:59.999000+00:00,20.871253771377955
2024-11-24 11:59:59.999000+00:00,20.871253771377955
2024-11-24 15:59:59.999000+00:00,20.871253771377955
2024-11-24 19:59:59.999000+00:00,20.871253771377955
2024-11-24 23:59:59.999000+00:00,20.871253771377955
2024-11-25 03:59:59.999000+00:00,20.871253771377955
2024-11-25 07:59:59.999000+00:00,20.871253771377955
2024-11-25 11:59:59.999000+00:00,20.871253771377955
2024-11-25 15:59:59.999000+00:00,20.871253771377955
2024-11-25 19:59:59.999000+00:00,20.871253771377955
2024-11-25 23:59:59.999000+00:00,20.871253771377955
2024-11-26 03:59:59.999000+00:00,20.871253771377955
2024-11-26 07:59:59.999000+00:00,20.871253771377955
2024-11-26 11:59:59.999000+00:00,20.871253771377955
2024-11-26 15:59:59.999000+00:00,20.871253771377955
2024-11-26 19:59:59.999000+00:00,20.871253771377955
2024-11-26 23:59:59.999000+00:00,20.871253771377955
2024-11-27 03:59:59.999000+00:00,20.871253771377955
2024-11-27 07:59:59.999000+00:00,20.871253771377955
2024-11-27 11:59:59.999000+00:00,20.871253771377955
2024-11-27 15:59:59.999000+00:00,20.871253771377955
2024-11-27 19:59:59.999000+00:00,20.871253771377955
2024-11-27 23:59:59.999000+00:00,20.871253771377955
2024-11-28 03:59:59.999000+00:00,20.871253771377955
2024-11-28 07:59:59.999000+00:00,20.871253771377955
2024-11-28 11:59:59.999000+00:00,20.871253771377955
2024-11-28 15:59:59.999000+00:00,20.871253771377955
2024-11-28 19:59:59.999000+00:00,20.871253771377955
2024-11-28 23:59:59.999000+00:00,20.871253771377955
2024-11-29 03:59:59.999000+00:00,20.871253771377955
2024-11-29 07:59:59.999000+00:00,20.871253771377955
2024-11-29 11:59:59.999000+00:00,20.871253771377955
2024-11-29 15:59:59.999000+00:00,20.871253771377955
2024-11-29 19:59:59.999000+00:00,20.871253771377955
2024-11-29 23:59:59.999000+00:00,20.871253771377955
2024-11-30 03:59:59.999000+00:00,20.871253771377955
2024-11-30 07:59:59.999000+00:00,20.871253771377955
2024-11-30 11:59:59.999000+00:00,20.871253771377955
2024-11-30 15:59:59.999000+00:00,20.871253771377955
2024-11-30 19:59:59.999000+00:00,20.871253771377955
2024-11-30 23:59:59.999000+00:00,20.871253771377955
2024-12-01 03:59:59.999000+00:00,20.871253771377955
2024-12-01 07:59:59.999000+00:00,20.871253771377955
2024-12-01 11:59:59.999000+00:00,20.871253771377955
2024-12-01 15:59:59.999000+00:00,20.871253771377955
2024-12-01 19:59:59.999000+00:00,20.871253771377955
2024-12-01 23:59:59.999000+00:00,20.871253771377955
2024-12-02 03:59:59.999000+00:00,20.871253771377955
2024-12-02 07:59:59.999000+00:00,20.871253771377955
2024-12-02 11:59:59.999000+00:00,20.871253771377955
2024-12-02 15:59:59.999000+00:00,20.871253771377955
2024-12-02 19:59:59.999000+00:00,20.871253771377955
2024-12-02 23:59:59.999000+00:00,20.871253771377955
2024-12-03 03:59:59.999000+00:00,20.871253771377955
2024-12-03 07:59:59.999000+00:00,20.871253771377955
2024-12-03 11:59:59.999000+00:00,20.871253771377955
2024-12-03 15:59:59.999000+00:00,20.871253771377955
2024-12-03 19:59:59.999000+00:00,20.871253771377955
2024-12-03 23:59:59.999000+00:00,20.871253771377955
2024-12-04 03:59:59.999000+00:00,20.871253771377955
2024-12-04 07:59:59.999000+00:00,20.871253771377955
2024-12-04 11:59:59.999000+00:00,20.871253771377955
2024-12-04 15:59:59.999000+00:00,20.871253771377955
2024-12-04 19:59:59.999000+00:00,20.871253771377955
2024-12-04 23:59:59.999000+00:00,20.871253771377955
2024-12-05 03:59:59.999000+00:00,20.871253771377955
2024-12-05 07:59:59.999000+00:00,20.871253771377955
2024-12-05 11:59:59.999000+00:00,20.871253771377955
2024-12-05 15:59:59.999000+00:00,20.871253771377955
2024-12-05 19:59:59.999000+00:00,20.871253771377955
2024-12-05 23:59:59.999000+00:00,20.871253771377955
2024-12-06 03:59:59.999000+00:00,20.871253771377955
2024-12-06 07:59:59.999000+00:00,20.871253771377955
2024-12-06 11:59:59.999000+00:00,20.871253771377955
2024-12-06 15:59:59.999000+00:00,20.871253771377955
2024-12-06 19:59:59.999000+00:00,20.871253771377955
2024-12-06 23:59:59.999000+00:00,20.871253771377955
2024-12-07 03:59:59.999000+00:00,20.871253771377955
2024-12-07 07:59:59.999000+00:00,20.871253771377955
2024-12-07 11:59:59.999000+00:00,20.871253771377955
2024-12-07 15:59:59.999000+00:00,20.871253771377955
2024-12-07 19:59:59.999000+00:00,20.871253771377955
2024-12-07 23:59:59.999000+00:00,20.871253771377955
2024-12-08 03:59:59.999000+00:00,20.871253771377955
2024-12-08 07:59:59.999000+00:00,20.871253771377955
2024-12-08 11:59:59.999000+00:00,20.871253771377955
2024-12-08 15:59:59.999000+00:00,20.871253771377955
2024-12-08 19:59:59.999000+00:00,20.871253771377955
2024-12-08 23:59:59.999000+00:00,20.871253771377955
2024-12-09 03:59:59.999000+00:00,20.871253771377955
2024-12-09 07:59:59.999000+00:00,20.871253771377955
2024-12-09 11:59:59.999000+00:00,20.871253771377955
2024-12-09 15:59:59.999000+00:00,20.871253771377955
2024-12-09 19:59:59.999000+00:00,20.871253771377955
2024-12-09 23:59:59.999000+00:00,20.871253771377955
2024-12-10 03:59:59.999000+00:00,20.871253771377955
2024-12-10 07:59:59.999000+00:00,20.871253771377955
2024-12-10 11:59:59.999000+00:00,20.871253771377955
2024-12-10 15:59:59.999000+00:00,20.871253771377955
2024-12-10 19:59:59.999000+00:00,20.871253771377955
2024-12-10 23:59:59.999000+00:00,20.871253771377955
2024-12-11 03:59:59.999000+00:00,20.871253771377955
2024-12-11 07:59:59.999000+00:00,20.871253771377955
2024-12-11 11:59:59.999000+00:00,20.871253771377955
2024-12-11 15:59:59.999000+00:00,20.871253771377955
2024-12-11 19:59:59.999000+00:00,20.92009196011236
2024-12-11 23:59:59.999000+00:00,20.920275160112354
2024-12-12 03:59:59.999000+00:00,20.912344760112354
2024-12-12 07:59:59.999000+00:00,20.870274360112354
2024-12-12 11:59:59.999000+00:00,20.858948760112355
2024-12-12 15:59:59.999000+00:00,20.974046360112354
2024-12-12 19:59:59.999000+00:00,20.788780760112356
2024-12-12 23:59:59.999000+00:00,20.830618360112354
2024-12-13 03:59:59.999000+00:00,20.808602360112356
2024-12-13 07:59:59.999000+00:00,20.840675160112355
2024-12-13 11:59:59.999000+00:00,20.858544760112355
2024-12-13 15:59:59.999000+00:00,20.82012796011236
2024-12-13 19:59:59.999000+00:00,20.947262360112354
2024-12-13 23:59:59.999000+00:00,20.944215160112357
2024-12-14 03:59:59.999000+00:00,20.997315160112358
2024-12-14 07:59:59.999000+00:00,20.976195160112354
2024-12-14 11:59:59.999000+00:00,20.956994360112358
2024-12-14 15:59:59.999000+00:00,20.96028476011236
2024-12-14 19:59:59.999000+00:00,20.935358360112353
2024-12-14 23:59:59.999000+00:00,20.943875160112356
2024-12-15 03:59:59.999000+00:00,20.96898076011236
2024-12-15 07:59:59.999000+00:00,20.968842360112355
2024-12-15 11:59:59.999000+00:00,21.043990360112357
2024-12-15 15:59:59.999000+00:00,21.046595960112356
2024-12-15 19:59:59.999000+00:00,21.090511160112356
2024-12-15 23:59:59.999000+00:00,21.187394360112357
2024-12-16 03:59:59.999000+00:00,21.252220288208758
2024-12-16 07:59:59.999000+00:00,21.252220288208758
2024-12-16 11:59:59.999000+00:00,21.252220288208758
2024-12-16 15:59:59.999000+00:00,21.252220288208758
2024-12-16 19:59:59.999000+00:00,21.252220288208758
2024-12-16 23:59:59.999000+00:00,21.252220288208758
2024-12-17 03:59:59.999000+00:00,21.252220288208758
2024-12-17 07:59:59.999000+00:00,21.252220288208758
2024-12-17 11:59:59.999000+00:00,21.252220288208758
2024-12-17 15:59:59.999000+00:00,21.252220288208758
2024-12-17 19:59:59.999000+00:00,21.252220288208758
2024-12-17 23:59:59.999000+00:00,21.252220288208758
2024-12-18 03:59:59.999000+00:00,21.252220288208758
2024-12-18 07:59:59.999000+00:00,21.252220288208758
2024-12-18 11:59:59.999000+00:00,21.252220288208758
2024-12-18 15:59:59.999000+00:00,21.252220288208758
2024-12-18 19:59:59.999000+00:00,21.252220288208758
2024-12-18 23:59:59.999000+00:00,21.252220288208758
2024-12-19 03:59:59.999000+00:00,21.252220288208758
2024-12-19 07:59:59.999000+00:00,21.252220288208758
2024-12-19 11:59:59.999000+00:00,21.252220288208758
2024-12-19 15:59:59.999000+00:00,21.252220288208758
2024-12-19 19:59:59.999000+00:00,21.252220288208758
2024-12-19 23:59:59.999000+00:00,21.252220288208758
2024-12-20 03:59:59.999000+00:00,21.252220288208758
2024-12-20 07:59:59.999000+00:00,21.252220288208758
2024-12-20 11:59:59.999000+00:00,21.252220288208758
2024-12-20 15:59:59.999000+00:00,21.252220288208758
2024-12-20 19:59:59.999000+00:00,21.252220288208758
2024-12-20 23:59:59.999000+00:00,21.252220288208758
2024-12-21 03:59:59.999000+00:00,21.252220288208758
2024-12-21 07:59:59.999000+00:00,21.252220288208758
2024-12-21 11:59:59.999000+00:00,21.252220288208758
2024-12-21 15:59:59.999000+00:00,21.252220288208758
2024-12-21 19:59:59.999000+00:00,21.252220288208758
2024-12-21 23:59:59.999000+00:00,21.252220288208758
2024-12-22 03:59:59.999000+00:00,21.252220288208758
2024-12-22 07:59:59.999000+00:00,21.252220288208758
2024-12-22 11:59:59.999000+00:00,21.252220288208758
2024-12-22 15:59:59.999000+00:00,21.252220288208758
2024-12-22 19:59:59.999000+00:00,21.252220288208758
2024-12-22 23:59:59.999000+00:00,21.252220288208758
2024-12-23 03:59:59.999000+00:00,21.252220288208758
2024-12-23 07:59:59.999000+00:00,21.252220288208758
2024-12-23 11:59:59.999000+00:00,21.252220288208758
2024-12-23 15:59:59.999000+00:00,21.252220288208758
2024-12-23 19:59:59.999000+00:00,21.252220288208758
2024-12-23 23:59:59.999000+00:00,21.252220288208758
2024-12-24 03:59:59.999000+00:00,21.252220288208758
2024-12-24 07:59:59.999000+00:00,21.252220288208758
2024-12-24 11:59:59.999000+00:00,21.252220288208758
2024-12-24 15:59:59.999000+00:00,21.252220288208758
2024-12-24 19:59:59.999000+00:00,21.252220288208758
2024-12-24 23:59:59.999000+00:00,21.252220288208758
2024-12-25 03:59:59.999000+00:00,21.252220288208758
2024-12-25 07:59:59.999000+00:00,21.252220288208758
2024-12-25 11:59:59.999000+00:00,21.252220288208758
2024-12-25 15:59:59.999000+00:00,21.252220288208758
2024-12-25 19:59:59.999000+00:00,21.252220288208758
2024-12-25 23:59:59.999000+00:00,21.252220288208758
2024-12-26 03:59:59.999000+00:00,21.252220288208758
2024-12-26 07:59:59.999000+00:00,21.252220288208758
2024-12-26 11:59:59.999000+00:00,21.252220288208758
2024-12-26 15:59:59.999000+00:00,21.252220288208758
2024-12-26 19:59:59.999000+00:00,21.252220288208758
2024-12-26 23:59:59.999000+00:00,21.252220288208758
2024-12-27 03:59:59.999000+00:00,21.252220288208758
2024-12-27 07:59:59.999000+00:00,21.252220288208758
2024-12-27 11:59:59.999000+00:00,21.252220288208758
2024-12-27 15:59:59.999000+00:00,21.252220288208758
2024-12-27 19:59:59.999000+00:00,21.252220288208758
2024-12-27 23:59:59.999000+00:00,21.252220288208758
2024-12-28 03:59:59.999000+00:00,21.252220288208758
2024-12-28 07:59:59.999000+00:00,21.252220288208758
2024-12-28 11:59:59.999000+00:00,21.252220288208758
2024-12-28 15:59:59.999000+00:00,21.252220288208758
2024-12-28 19:59:59.999000+00:00,21.252220288208758
2024-12-28 23:59:59.999000+00:00,21.252220288208758
2024-12-29 03:59:59.999000+00:00,21.252220288208758
2024-12-29 07:59:59.999000+00:00,21.252220288208758
2024-12-29 11:59:59.999000+00:00,21.252220288208758
2024-12-29 15:59:59.999000+00:00,21.252220288208758
2024-12-29 19:59:59.999000+00:00,21.252220288208758
2024-12-29 23:59:59.999000+00:00,21.252220288208758
2024-12-30 03:59:59.999000+00:00,21.252220288208758
2024-12-30 07:59:59.999000+00:00,21.252220288208758
2024-12-30 11:59:59.999000+00:00,21.252220288208758
2024-12-30 15:59:59.999000+00:00,21.252220288208758
2024-12-30 19:59:59.999000+00:00,21.252220288208758
2024-12-30 23:59:59.999000+00:00,21.252220288208758
2024-12-31 03:59:59.999000+00:00,21.252220288208758
2024-12-31 07:59:59.999000+00:00,21.252220288208758
2024-12-31 11:59:59.999000+00:00,21.252220288208758
2024-12-31 15:59:59.999000+00:00,21.252220288208758
2024-12-31 19:59:59.999000+00:00,21.252220288208758
2024-12-31 23:59:59.999000+00:00,21.252220288208758
2025-01-01 03:59:59.999000+00:00,21.252220288208758
2025-01-01 07:59:59.999000+00:00,21.252220288208758
2025-01-01 11:59:59.999000+00:00,21.252220288208758
2025-01-01 15:59:59.999000+00:00,21.252220288208758
2025-01-01 19:59:59.999000+00:00,21.252220288208758
2025-01-01 23:59:59.999000+00:00,21.252220288208758
2025-01-02 03:59:59.999000+00:00,21.252220288208758
2025-01-02 07:59:59.999000+00:00,21.252220288208758
2025-01-02 11:59:59.999000+00:00,21.252220288208758
2025-01-02 15:59:59.999000+00:00,21.252220288208758
2025-01-02 19:59:59.999000+00:00,21.252220288208758
2025-01-02 23:59:59.999000+00:00,21.252220288208758
2025-01-03 03:59:59.999000+00:00,21.252220288208758
2025-01-03 07:59:59.999000+00:00,21.252220288208758
2025-01-03 11:59:59.999000+00:00,21.252220288208758
2025-01-03 15:59:59.999000+00:00,21.301707909505957
2025-01-03 19:59:59.999000+00:00,21.38736070950596
2025-01-03 23:59:59.999000+00:00,21.35393430950596
2025-01-04 03:59:59.999000+00:00,21.355999909505957
2025-01-04 07:59:59.999000+00:00,21.361750309505958
2025-01-04 11:59:59.999000+00:00,21.33115110950596
2025-01-04 15:59:59.999000+00:00,21.31263510950596
2025-01-04 19:59:59.999000+00:00,21.35330070950596
2025-01-04 23:59:59.999000+00:00,21.35763990950596
2025-01-05 03:59:59.999000+00:00,21.35503670950596
2025-01-05 07:59:59.999000+00:00,21.36150150950596
2025-01-05 11:59:59.999000+00:00,21.31133030950596
2025-01-05 15:59:59.999000+00:00,21.342318309505956
2025-01-05 19:59:59.999000+00:00,21.346370309505957
2025-01-05 23:59:59.999000+00:00,21.36908870950596
2025-01-06 03:59:59.999000+00:00,21.42300550950596
2025-01-06 07:59:59.999000+00:00,21.445495909505958
2025-01-06 11:59:59.999000+00:00,21.44079910950596
2025-01-06 15:59:59.999000+00:00,21.619505626555558
2025-01-06 19:59:59.999000+00:00,21.619505626555558
2025-01-06 23:59:59.999000+00:00,21.619505626555558
2025-01-07 03:59:59.999000+00:00,21.619505626555558
2025-01-07 07:59:59.999000+00:00,21.619505626555558
2025-01-07 11:59:59.999000+00:00,21.619505626555558
2025-01-07 15:59:59.999000+00:00,21.619505626555558
2025-01-07 19:59:59.999000+00:00,21.619505626555558
2025-01-07 23:59:59.999000+00:00,21.619505626555558
2025-01-08 03:59:59.999000+00:00,21.619505626555558
2025-01-08 07:59:59.999000+00:00,21.619505626555558
2025-01-08 11:59:59.999000+00:00,21.619505626555558
2025-01-08 15:59:59.999000+00:00,21.619505626555558
2025-01-08 19:59:59.999000+00:00,21.619505626555558
2025-01-08 23:59:59.999000+00:00,21.619505626555558
2025-01-09 03:59:59.999000+00:00,21.619505626555558
2025-01-09 07:59:59.999000+00:00,21.619505626555558
2025-01-09 11:59:59.999000+00:00,21.619505626555558
2025-01-09 15:59:59.999000+00:00,21.619505626555558
2025-01-09 19:59:59.999000+00:00,21.619505626555558
2025-01-09 23:59:59.999000+00:00,21.619505626555558
2025-01-10 03:59:59.999000+00:00,21.619505626555558
2025-01-10 07:59:59.999000+00:00,21.619505626555558
2025-01-10 11:59:59.999000+00:00,21.619505626555558
2025-01-10 15:59:59.999000+00:00,21.619505626555558
2025-01-10 19:59:59.999000+00:00,21.619505626555558
2025-01-10 23:59:59.999000+00:00,21.619505626555558
2025-01-11 03:59:59.999000+00:00,21.619505626555558
2025-01-11 07:59:59.999000+00:00,21.619505626555558
2025-01-11 11:59:59.999000+00:00,21.619505626555558
2025-01-11 15:59:59.999000+00:00,21.619505626555558
2025-01-11 19:59:59.999000+00:00,21.619505626555558
2025-01-11 23:59:59.999000+00:00,21.619505626555558
2025-01-12 03:59:59.999000+00:00,21.619505626555558
2025-01-12 07:59:59.999000+00:00,21.619505626555558
2025-01-12 11:59:59.999000+00:00,21.619505626555558
2025-01-12 15:59:59.999000+00:00,21.619505626555558
2025-01-12 19:59:59.999000+00:00,21.619505626555558
2025-01-12 23:59:59.999000+00:00,21.619505626555558
2025-01-13 03:59:59.999000+00:00,21.619505626555558
2025-01-13 07:59:59.999000+00:00,21.619505626555558
2025-01-13 11:59:59.999000+00:00,21.619505626555558
2025-01-13 15:59:59.999000+00:00,21.619505626555558
2025-01-13 19:59:59.999000+00:00,21.619505626555558
2025-01-13 23:59:59.999000+00:00,21.619505626555558
2025-01-14 03:59:59.999000+00:00,21.619505626555558
2025-01-14 07:59:59.999000+00:00,21.619505626555558
2025-01-14 11:59:59.999000+00:00,21.619505626555558
2025-01-14 15:59:59.999000+00:00,21.619505626555558
2025-01-14 19:59:59.999000+00:00,21.619505626555558
2025-01-14 23:59:59.999000+00:00,21.619505626555558
2025-01-15 03:59:59.999000+00:00,21.619505626555558
2025-01-15 07:59:59.999000+00:00,21.619505626555558
2025-01-15 11:59:59.999000+00:00,21.619505626555558
2025-01-15 15:59:59.999000+00:00,21.78630869326796
2025-01-15 19:59:59.999000+00:00,21.85450709326796
2025-01-15 23:59:59.999000+00:00,21.90670309326796
2025-01-16 03:59:59.999000+00:00,21.82515749326796
2025-01-16 07:59:59.999000+00:00,21.850914293267962
2025-01-16 11:59:59.999000+00:00,21.79961189326796
2025-01-16 15:59:59.999000+00:00,21.81060869326796
2025-01-16 19:59:59.999000+00:00,21.90029109326796
2025-01-16 23:59:59.999000+00:00,21.86589909326796
2025-01-17 03:59:59.999000+00:00,21.98680822851156
2025-01-17 07:59:59.999000+00:00,21.98680822851156
2025-01-17 11:59:59.999000+00:00,21.98680822851156
2025-01-17 15:59:59.999000+00:00,21.98680822851156
2025-01-17 19:59:59.999000+00:00,21.98680822851156
2025-01-17 23:59:59.999000+00:00,21.98680822851156
2025-01-18 03:59:59.999000+00:00,21.98680822851156
2025-01-18 07:59:59.999000+00:00,21.98680822851156
2025-01-18 11:59:59.999000+00:00,21.98680822851156
2025-01-18 15:59:59.999000+00:00,21.98680822851156
2025-01-18 19:59:59.999000+00:00,21.98680822851156
2025-01-18 23:59:59.999000+00:00,21.98680822851156
2025-01-19 03:59:59.999000+00:00,21.98680822851156
2025-01-19 07:59:59.999000+00:00,21.98680822851156
2025-01-19 11:59:59.999000+00:00,21.98680822851156
2025-01-19 15:59:59.999000+00:00,21.98680822851156
2025-01-19 19:59:59.999000+00:00,21.98680822851156
2025-01-19 23:59:59.999000+00:00,21.98680822851156
2025-01-20 03:59:59.999000+00:00,21.98680822851156
2025-01-20 07:59:59.999000+00:00,21.98680822851156
2025-01-20 11:59:59.999000+00:00,21.98680822851156
2025-01-20 15:59:59.999000+00:00,21.98680822851156
2025-01-20 19:59:59.999000+00:00,21.98680822851156
2025-01-20 23:59:59.999000+00:00,21.98680822851156
2025-01-21 03:59:59.999000+00:00,21.98680822851156
2025-01-21 07:59:59.999000+00:00,21.98680822851156
2025-01-21 11:59:59.999000+00:00,21.98680822851156
2025-01-21 15:59:59.999000+00:00,21.98680822851156
2025-01-21 19:59:59.999000+00:00,21.98680822851156
2025-01-21 23:59:59.999000+00:00,21.98680822851156
2025-01-22 03:59:59.999000+00:00,21.98680822851156
2025-01-22 07:59:59.999000+00:00,21.98680822851156
2025-01-22 11:59:59.999000+00:00,21.98680822851156
2025-01-22 15:59:59.999000+00:00,21.98680822851156
2025-01-22 19:59:59.999000+00:00,21.98680822851156
2025-01-22 23:59:59.999000+00:00,21.98680822851156
2025-01-23 03:59:59.999000+00:00,21.98680822851156
2025-01-23 07:59:59.999000+00:00,21.98680822851156
2025-01-23 11:59:59.999000+00:00,21.98680822851156
2025-01-23 15:59:59.999000+00:00,21.98680822851156
2025-01-23 19:59:59.999000+00:00,21.98680822851156
2025-01-23 23:59:59.999000+00:00,21.98680822851156
2025-01-24 03:59:59.999000+00:00,21.98680822851156
2025-01-24 07:59:59.999000+00:00,21.98680822851156
2025-01-24 11:59:59.999000+00:00,21.98680822851156
2025-01-24 15:59:59.999000+00:00,21.98680822851156
2025-01-24 19:59:59.999000+00:00,21.98680822851156
2025-01-24 23:59:59.999000+00:00,21.98680822851156
2025-01-25 03:59:59.999000+00:00,21.98680822851156
2025-01-25 07:59:59.999000+00:00,21.98680822851156
2025-01-25 11:59:59.999000+00:00,21.98680822851156
2025-01-25 15:59:59.999000+00:00,21.98680822851156
2025-01-25 19:59:59.999000+00:00,21.98680822851156
2025-01-25 23:59:59.999000+00:00,21.98680822851156
2025-01-26 03:59:59.999000+00:00,21.98680822851156
2025-01-26 07:59:59.999000+00:00,21.98680822851156
2025-01-26 11:59:59.999000+00:00,21.98680822851156
2025-01-26 15:59:59.999000+00:00,21.98680822851156
2025-01-26 19:59:59.999000+00:00,21.98680822851156
2025-01-26 23:59:59.999000+00:00,21.98680822851156
2025-01-27 03:59:59.999000+00:00,21.98680822851156
2025-01-27 07:59:59.999000+00:00,21.98680822851156
2025-01-27 11:59:59.999000+00:00,21.98680822851156
2025-01-27 15:59:59.999000+00:00,21.98680822851156
2025-01-27 19:59:59.999000+00:00,21.98680822851156
2025-01-27 23:59:59.999000+00:00,21.98680822851156
2025-01-28 03:59:59.999000+00:00,21.98680822851156
2025-01-28 07:59:59.999000+00:00,21.98680822851156
2025-01-28 11:59:59.999000+00:00,21.98680822851156
2025-01-28 15:59:59.999000+00:00,21.98680822851156
2025-01-28 19:59:59.999000+00:00,21.98680822851156
2025-01-28 23:59:59.999000+00:00,21.98680822851156
2025-01-29 03:59:59.999000+00:00,21.98680822851156
2025-01-29 07:59:59.999000+00:00,21.98680822851156
2025-01-29 11:59:59.999000+00:00,21.98680822851156
2025-01-29 15:59:59.999000+00:00,21.98680822851156
2025-01-29 19:59:59.999000+00:00,21.98680822851156
2025-01-29 23:59:59.999000+00:00,21.98680822851156
2025-01-30 03:59:59.999000+00:00,21.98680822851156
2025-01-30 07:59:59.999000+00:00,21.98680822851156
2025-01-30 11:59:59.999000+00:00,21.98680822851156
2025-01-30 15:59:59.999000+00:00,21.98680822851156
2025-01-30 19:59:59.999000+00:00,21.98680822851156
2025-01-30 23:59:59.999000+00:00,21.98680822851156
2025-01-31 03:59:59.999000+00:00,21.98680822851156
2025-01-31 07:59:59.999000+00:00,21.98680822851156
2025-01-31 11:59:59.999000+00:00,21.98680822851156
2025-01-31 15:59:59.999000+00:00,21.98680822851156
2025-01-31 19:59:59.999000+00:00,21.98680822851156
2025-01-31 23:59:59.999000+00:00,21.98680822851156
2025-02-01 03:59:59.999000+00:00,21.98680822851156
2025-02-01 07:59:59.999000+00:00,21.98680822851156
2025-02-01 11:59:59.999000+00:00,21.98680822851156
2025-02-01 15:59:59.999000+00:00,21.98680822851156
2025-02-01 19:59:59.999000+00:00,21.98680822851156
2025-02-01 23:59:59.999000+00:00,21.98680822851156
2025-02-02 03:59:59.999000+00:00,21.98680822851156
2025-02-02 07:59:59.999000+00:00,21.98680822851156
2025-02-02 11:59:59.999000+00:00,21.98680822851156
2025-02-02 15:59:59.999000+00:00,21.98680822851156
2025-02-02 19:59:59.999000+00:00,21.98680822851156
2025-02-02 23:59:59.999000+00:00,21.98680822851156
2025-02-03 03:59:59.999000+00:00,21.98680822851156
2025-02-03 07:59:59.999000+00:00,21.98680822851156
2025-02-03 11:59:59.999000+00:00,21.98680822851156
2025-02-03 15:59:59.999000+00:00,21.98680822851156
2025-02-03 19:59:59.999000+00:00,21.98680822851156
2025-02-03 23:59:59.999000+00:00,21.98680822851156
2025-02-04 03:59:59.999000+00:00,21.98680822851156
2025-02-04 07:59:59.999000+00:00,21.98680822851156
2025-02-04 11:59:59.999000+00:00,21.98680822851156
2025-02-04 15:59:59.999000+00:00,21.98680822851156
2025-02-04 19:59:59.999000+00:00,21.98680822851156
2025-02-04 23:59:59.999000+00:00,21.98680822851156
2025-02-05 03:59:59.999000+00:00,21.98680822851156
2025-02-05 07:59:59.999000+00:00,21.98680822851156
2025-02-05 11:59:59.999000+00:00,21.98680822851156
2025-02-05 15:59:59.999000+00:00,21.98680822851156
2025-02-05 19:59:59.999000+00:00,21.98680822851156
2025-02-05 23:59:59.999000+00:00,21.98680822851156
2025-02-06 03:59:59.999000+00:00,21.98680822851156
2025-02-06 07:59:59.999000+00:00,21.98680822851156
2025-02-06 11:59:59.999000+00:00,21.98680822851156
2025-02-06 15:59:59.999000+00:00,21.98680822851156
2025-02-06 19:59:59.999000+00:00,21.98680822851156
2025-02-06 23:59:59.999000+00:00,21.98680822851156
2025-02-07 03:59:59.999000+00:00,21.98680822851156
2025-02-07 07:59:59.999000+00:00,21.98680822851156
2025-02-07 11:59:59.999000+00:00,21.98680822851156
2025-02-07 15:59:59.999000+00:00,21.98680822851156
2025-02-07 19:59:59.999000+00:00,21.98680822851156
2025-02-07 23:59:59.999000+00:00,21.98680822851156
2025-02-08 03:59:59.999000+00:00,21.98680822851156
2025-02-08 07:59:59.999000+00:00,21.98680822851156
2025-02-08 11:59:59.999000+00:00,21.98680822851156
2025-02-08 15:59:59.999000+00:00,21.98680822851156
2025-02-08 19:59:59.999000+00:00,21.98680822851156
2025-02-08 23:59:59.999000+00:00,21.98680822851156
2025-02-09 03:59:59.999000+00:00,21.98680822851156
2025-02-09 07:59:59.999000+00:00,21.98680822851156
2025-02-09 11:59:59.999000+00:00,21.98680822851156
2025-02-09 15:59:59.999000+00:00,21.98680822851156
2025-02-09 19:59:59.999000+00:00,21.98680822851156
2025-02-09 23:59:59.999000+00:00,21.98680822851156
2025-02-10 03:59:59.999000+00:00,21.98680822851156
2025-02-10 07:59:59.999000+00:00,21.98680822851156
2025-02-10 11:59:59.999000+00:00,21.98680822851156
2025-02-10 15:59:59.999000+00:00,21.98680822851156
2025-02-10 19:59:59.999000+00:00,21.98680822851156
2025-02-10 23:59:59.999000+00:00,21.98680822851156
2025-02-11 03:59:59.999000+00:00,21.98680822851156
2025-02-11 07:59:59.999000+00:00,21.98680822851156
2025-02-11 11:59:59.999000+00:00,21.98680822851156
2025-02-11 15:59:59.999000+00:00,21.98680822851156
2025-02-11 19:59:59.999000+00:00,21.98680822851156
2025-02-11 23:59:59.999000+00:00,21.98680822851156
2025-02-12 03:59:59.999000+00:00,21.98680822851156
2025-02-12 07:59:59.999000+00:00,21.98680822851156
2025-02-12 11:59:59.999000+00:00,21.98680822851156
2025-02-12 15:59:59.999000+00:00,21.98680822851156
2025-02-12 19:59:59.999000+00:00,21.98680822851156
2025-02-12 23:59:59.999000+00:00,21.98680822851156
2025-02-13 03:59:59.999000+00:00,21.98680822851156
2025-02-13 07:59:59.999000+00:00,21.98680822851156
2025-02-13 11:59:59.999000+00:00,21.98680822851156
2025-02-13 15:59:59.999000+00:00,21.98680822851156
2025-02-13 19:59:59.999000+00:00,21.98680822851156
2025-02-13 23:59:59.999000+00:00,21.98680822851156
2025-02-14 03:59:59.999000+00:00,21.98680822851156
2025-02-14 07:59:59.999000+00:00,21.98680822851156
2025-02-14 11:59:59.999000+00:00,21.98680822851156
2025-02-14 15:59:59.999000+00:00,21.98680822851156
2025-02-14 19:59:59.999000+00:00,21.98680822851156
2025-02-14 23:59:59.999000+00:00,21.98680822851156
2025-02-15 03:59:59.999000+00:00,21.98680822851156
2025-02-15 07:59:59.999000+00:00,21.98680822851156
2025-02-15 11:59:59.999000+00:00,21.98680822851156
2025-02-15 15:59:59.999000+00:00,21.98680822851156
2025-02-15 19:59:59.999000+00:00,21.98680822851156
2025-02-15 23:59:59.999000+00:00,21.98680822851156
2025-02-16 03:59:59.999000+00:00,21.98680822851156
2025-02-16 07:59:59.999000+00:00,21.98680822851156
2025-02-16 11:59:59.999000+00:00,21.98680822851156
2025-02-16 15:59:59.999000+00:00,21.98680822851156
2025-02-16 19:59:59.999000+00:00,21.98680822851156
2025-02-16 23:59:59.999000+00:00,21.98680822851156
2025-02-17 03:59:59.999000+00:00,21.98680822851156
2025-02-17 07:59:59.999000+00:00,21.98680822851156
2025-02-17 11:59:59.999000+00:00,21.98680822851156
2025-02-17 15:59:59.999000+00:00,21.98680822851156
2025-02-17 19:59:59.999000+00:00,21.98680822851156
2025-02-17 23:59:59.999000+00:00,21.98680822851156
2025-02-18 03:59:59.999000+00:00,21.98680822851156
2025-02-18 07:59:59.999000+00:00,21.98680822851156
2025-02-18 11:59:59.999000+00:00,21.98680822851156
2025-02-18 15:59:59.999000+00:00,21.98680822851156
2025-02-18 19:59:59.999000+00:00,21.98680822851156
2025-02-18 23:59:59.999000+00:00,21.98680822851156
2025-02-19 03:59:59.999000+00:00,21.98680822851156
2025-02-19 07:59:59.999000+00:00,21.98680822851156
2025-02-19 11:59:59.999000+00:00,21.98680822851156
2025-02-19 15:59:59.999000+00:00,21.98680822851156
2025-02-19 19:59:59.999000+00:00,21.98680822851156
2025-02-19 23:59:59.999000+00:00,21.98680822851156
2025-02-20 03:59:59.999000+00:00,21.98680822851156
2025-02-20 07:59:59.999000+00:00,21.98680822851156
2025-02-20 11:59:59.999000+00:00,21.98680822851156
2025-02-20 15:59:59.999000+00:00,21.98680822851156
2025-02-20 19:59:59.999000+00:00,21.98680822851156
2025-02-20 23:59:59.999000+00:00,21.98680822851156
2025-02-21 03:59:59.999000+00:00,21.98680822851156
2025-02-21 07:59:59.999000+00:00,21.97804886403196
2025-02-21 11:59:59.999000+00:00,22.01401206403196
2025-02-21 15:59:59.999000+00:00,21.97199126403196
2025-02-21 19:59:59.999000+00:00,21.77108593988316
2025-02-21 23:59:59.999000+00:00,21.77108593988316
2025-02-22 03:59:59.999000+00:00,21.77108593988316
2025-02-22 07:59:59.999000+00:00,21.77108593988316
2025-02-22 11:59:59.999000+00:00,21.77108593988316
2025-02-22 15:59:59.999000+00:00,21.77108593988316
2025-02-22 19:59:59.999000+00:00,21.77108593988316
2025-02-22 23:59:59.999000+00:00,21.77108593988316
2025-02-23 03:59:59.999000+00:00,21.77108593988316
2025-02-23 07:59:59.999000+00:00,21.77108593988316
2025-02-23 11:59:59.999000+00:00,21.77108593988316
2025-02-23 15:59:59.999000+00:00,21.77108593988316
2025-02-23 19:59:59.999000+00:00,21.77108593988316
2025-02-23 23:59:59.999000+00:00,21.77108593988316
2025-02-24 03:59:59.999000+00:00,21.77108593988316
2025-02-24 07:59:59.999000+00:00,21.77108593988316
2025-02-24 11:59:59.999000+00:00,21.77108593988316
2025-02-24 15:59:59.999000+00:00,21.77108593988316
2025-02-24 19:59:59.999000+00:00,21.77108593988316
2025-02-24 23:59:59.999000+00:00,21.77108593988316
2025-02-25 03:59:59.999000+00:00,21.77108593988316
2025-02-25 07:59:59.999000+00:00,21.77108593988316
2025-02-25 11:59:59.999000+00:00,21.77108593988316
2025-02-25 15:59:59.999000+00:00,21.77108593988316
2025-02-25 19:59:59.999000+00:00,21.77108593988316
2025-02-25 23:59:59.999000+00:00,21.77108593988316
2025-02-26 03:59:59.999000+00:00,21.77108593988316
2025-02-26 07:59:59.999000+00:00,21.77108593988316
2025-02-26 11:59:59.999000+00:00,21.77108593988316
2025-02-26 15:59:59.999000+00:00,21.77108593988316
2025-02-26 19:59:59.999000+00:00,21.77108593988316
2025-02-26 23:59:59.999000+00:00,21.77108593988316
2025-02-27 03:59:59.999000+00:00,21.77108593988316
2025-02-27 07:59:59.999000+00:00,21.77108593988316
2025-02-27 11:59:59.999000+00:00,21.77108593988316
2025-02-27 15:59:59.999000+00:00,21.77108593988316
2025-02-27 19:59:59.999000+00:00,21.77108593988316
2025-02-27 23:59:59.999000+00:00,21.77108593988316
2025-02-28 03:59:59.999000+00:00,21.77108593988316
2025-02-28 07:59:59.999000+00:00,21.77108593988316
2025-02-28 11:59:59.999000+00:00,21.77108593988316
2025-02-28 15:59:59.999000+00:00,21.77108593988316
2025-02-28 19:59:59.999000+00:00,21.77108593988316
2025-02-28 23:59:59.999000+00:00,21.77108593988316
2025-03-01 03:59:59.999000+00:00,21.77108593988316
2025-03-01 07:59:59.999000+00:00,21.77108593988316
2025-03-01 11:59:59.999000+00:00,21.77108593988316
2025-03-01 15:59:59.999000+00:00,21.77108593988316
2025-03-01 19:59:59.999000+00:00,21.77108593988316
2025-03-01 23:59:59.999000+00:00,21.77108593988316
2025-03-02 03:59:59.999000+00:00,21.77108593988316
2025-03-02 07:59:59.999000+00:00,21.77108593988316
2025-03-02 11:59:59.999000+00:00,21.77108593988316
2025-03-02 15:59:59.999000+00:00,21.77108593988316
2025-03-02 19:59:59.999000+00:00,21.77108593988316
2025-03-02 23:59:59.999000+00:00,21.77108593988316
2025-03-03 03:59:59.999000+00:00,21.77108593988316
2025-03-03 07:59:59.999000+00:00,21.77108593988316
2025-03-03 11:59:59.999000+00:00,21.77108593988316
2025-03-03 15:59:59.999000+00:00,21.77108593988316
2025-03-03 19:59:59.999000+00:00,21.77108593988316
2025-03-03 23:59:59.999000+00:00,21.77108593988316
2025-03-04 03:59:59.999000+00:00,21.77108593988316
2025-03-04 07:59:59.999000+00:00,21.77108593988316
2025-03-04 11:59:59.999000+00:00,21.77108593988316
2025-03-04 15:59:59.999000+00:00,21.77108593988316
2025-03-04 19:59:59.999000+00:00,21.77108593988316
2025-03-04 23:59:59.999000+00:00,21.77108593988316
2025-03-05 03:59:59.999000+00:00,21.77108593988316
2025-03-05 07:59:59.999000+00:00,21.77108593988316
2025-03-05 11:59:59.999000+00:00,21.77108593988316
2025-03-05 15:59:59.999000+00:00,21.77108593988316
2025-03-05 19:59:59.999000+00:00,21.77108593988316
2025-03-05 23:59:59.999000+00:00,21.77108593988316
2025-03-06 03:59:59.999000+00:00,21.77108593988316
2025-03-06 07:59:59.999000+00:00,21.77108593988316
2025-03-06 11:59:59.999000+00:00,21.77108593988316
2025-03-06 15:59:59.999000+00:00,21.77108593988316
2025-03-06 19:59:59.999000+00:00,21.77108593988316
2025-03-06 23:59:59.999000+00:00,21.77108593988316
2025-03-07 03:59:59.999000+00:00,21.77108593988316
2025-03-07 07:59:59.999000+00:00,21.77108593988316
2025-03-07 11:59:59.999000+00:00,21.77108593988316
2025-03-07 15:59:59.999000+00:00,21.77108593988316
2025-03-07 19:59:59.999000+00:00,21.77108593988316
2025-03-07 23:59:59.999000+00:00,21.77108593988316
2025-03-08 03:59:59.999000+00:00,21.77108593988316
2025-03-08 07:59:59.999000+00:00,21.77108593988316
2025-03-08 11:59:59.999000+00:00,21.77108593988316
2025-03-08 15:59:59.999000+00:00,21.77108593988316
2025-03-08 19:59:59.999000+00:00,21.77108593988316
2025-03-08 23:59:59.999000+00:00,21.77108593988316
2025-03-09 03:59:59.999000+00:00,21.77108593988316
2025-03-09 07:59:59.999000+00:00,21.77108593988316
2025-03-09 11:59:59.999000+00:00,21.77108593988316
2025-03-09 15:59:59.999000+00:00,21.77108593988316
2025-03-09 19:59:59.999000+00:00,21.77108593988316
2025-03-09 23:59:59.999000+00:00,21.77108593988316
2025-03-10 03:59:59.999000+00:00,21.77108593988316
2025-03-10 07:59:59.999000+00:00,21.77108593988316
2025-03-10 11:59:59.999000+00:00,21.77108593988316
2025-03-10 15:59:59.999000+00:00,21.77108593988316
2025-03-10 19:59:59.999000+00:00,21.77108593988316
2025-03-10 23:59:59.999000+00:00,21.77108593988316
2025-03-11 03:59:59.999000+00:00,21.77108593988316
2025-03-11 07:59:59.999000+00:00,21.77108593988316
2025-03-11 11:59:59.999000+00:00,21.77108593988316
2025-03-11 15:59:59.999000+00:00,21.77108593988316
2025-03-11 19:59:59.999000+00:00,21.77108593988316
2025-03-11 23:59:59.999000+00:00,21.77108593988316
2025-03-12 03:59:59.999000+00:00,21.77108593988316
2025-03-12 07:59:59.999000+00:00,21.77108593988316
2025-03-12 11:59:59.999000+00:00,21.77108593988316
2025-03-12 15:59:59.999000+00:00,21.77108593988316
2025-03-12 19:59:59.999000+00:00,21.77108593988316
2025-03-12 23:59:59.999000+00:00,21.77108593988316
2025-03-13 03:59:59.999000+00:00,21.77108593988316
2025-03-13 07:59:59.999000+00:00,21.77108593988316
2025-03-13 11:59:59.999000+00:00,21.77108593988316
2025-03-13 15:59:59.999000+00:00,21.77108593988316
2025-03-13 19:59:59.999000+00:00,21.77108593988316
2025-03-13 23:59:59.999000+00:00,21.77108593988316
2025-03-14 03:59:59.999000+00:00,21.77108593988316
2025-03-14 07:59:59.999000+00:00,21.77108593988316
2025-03-14 11:59:59.999000+00:00,21.77108593988316
2025-03-14 15:59:59.999000+00:00,21.77108593988316
2025-03-14 19:59:59.999000+00:00,21.77108593988316
2025-03-14 23:59:59.999000+00:00,21.77108593988316
2025-03-15 03:59:59.999000+00:00,21.77108593988316
2025-03-15 07:59:59.999000+00:00,21.77108593988316
2025-03-15 11:59:59.999000+00:00,21.77108593988316
2025-03-15 15:59:59.999000+00:00,21.77108593988316
2025-03-15 19:59:59.999000+00:00,21.77108593988316
2025-03-15 23:59:59.999000+00:00,21.77108593988316
2025-03-16 03:59:59.999000+00:00,21.77108593988316
2025-03-16 07:59:59.999000+00:00,21.77108593988316
2025-03-16 11:59:59.999000+00:00,21.77108593988316
2025-03-16 15:59:59.999000+00:00,21.77108593988316
2025-03-16 19:59:59.999000+00:00,21.77108593988316
2025-03-16 23:59:59.999000+00:00,21.77108593988316
2025-03-17 03:59:59.999000+00:00,21.77108593988316
2025-03-17 07:59:59.999000+00:00,21.77108593988316
2025-03-17 11:59:59.999000+00:00,21.77108593988316
2025-03-17 15:59:59.999000+00:00,21.77108593988316
2025-03-17 19:59:59.999000+00:00,21.77108593988316
2025-03-17 23:59:59.999000+00:00,21.77108593988316
2025-03-18 03:59:59.999000+00:00,21.77108593988316
2025-03-18 07:59:59.999000+00:00,21.77108593988316
2025-03-18 11:59:59.999000+00:00,21.77108593988316
2025-03-18 15:59:59.999000+00:00,21.77108593988316
2025-03-18 19:59:59.999000+00:00,21.77108593988316
2025-03-18 23:59:59.999000+00:00,21.77108593988316
2025-03-19 03:59:59.999000+00:00,21.77108593988316
2025-03-19 07:59:59.999000+00:00,21.77108593988316
2025-03-19 11:59:59.999000+00:00,21.77108593988316
2025-03-19 15:59:59.999000+00:00,21.77108593988316
2025-03-19 19:59:59.999000+00:00,21.77108593988316
2025-03-19 23:59:59.999000+00:00,21.77108593988316
2025-03-20 03:59:59.999000+00:00,21.662563708086665
2025-03-20 07:59:59.999000+00:00,21.655100708086664
2025-03-20 11:59:59.999000+00:00,21.623678708086665
2025-03-20 15:59:59.999000+00:00,21.532469377442162
2025-03-20 19:59:59.999000+00:00,21.532469377442162
2025-03-20 23:59:59.999000+00:00,21.532469377442162
2025-03-21 03:59:59.999000+00:00,21.532469377442162
2025-03-21 07:59:59.999000+00:00,21.532469377442162
2025-03-21 11:59:59.999000+00:00,21.532469377442162
2025-03-21 15:59:59.999000+00:00,21.532469377442162
2025-03-21 19:59:59.999000+00:00,21.532469377442162
2025-03-21 23:59:59.999000+00:00,21.532469377442162
2025-03-22 03:59:59.999000+00:00,21.532469377442162
2025-03-22 07:59:59.999000+00:00,21.532469377442162
2025-03-22 11:59:59.999000+00:00,21.532469377442162
2025-03-22 15:59:59.999000+00:00,21.532469377442162
2025-03-22 19:59:59.999000+00:00,21.532469377442162
2025-03-22 23:59:59.999000+00:00,21.532469377442162
2025-03-23 03:59:59.999000+00:00,21.532469377442162
2025-03-23 07:59:59.999000+00:00,21.532469377442162
2025-03-23 11:59:59.999000+00:00,21.532469377442162
2025-03-23 15:59:59.999000+00:00,21.532469377442162
2025-03-23 19:59:59.999000+00:00,21.532469377442162
2025-03-23 23:59:59.999000+00:00,21.532469377442162
2025-03-24 03:59:59.999000+00:00,21.532469377442162
2025-03-24 07:59:59.999000+00:00,21.532469377442162
2025-03-24 11:59:59.999000+00:00,21.532469377442162
2025-03-24 15:59:59.999000+00:00,21.532469377442162
2025-03-24 19:59:59.999000+00:00,21.532469377442162
2025-03-24 23:59:59.999000+00:00,21.532469377442162
2025-03-25 03:59:59.999000+00:00,21.532469377442162
2025-03-25 07:59:59.999000+00:00,21.532469377442162
2025-03-25 11:59:59.999000+00:00,21.532469377442162
2025-03-25 15:59:59.999000+00:00,21.532469377442162
2025-03-25 19:59:59.999000+00:00,21.532469377442162
2025-03-25 23:59:59.999000+00:00,21.532469377442162
2025-03-26 03:59:59.999000+00:00,21.532469377442162
2025-03-26 07:59:59.999000+00:00,21.532469377442162
2025-03-26 11:59:59.999000+00:00,21.532469377442162
2025-03-26 15:59:59.999000+00:00,21.532469377442162
2025-03-26 19:59:59.999000+00:00,21.532469377442162
2025-03-26 23:59:59.999000+00:00,21.532469377442162
2025-03-27 03:59:59.999000+00:00,21.532469377442162
2025-03-27 07:59:59.999000+00:00,21.532469377442162
2025-03-27 11:59:59.999000+00:00,21.532469377442162
2025-03-27 15:59:59.999000+00:00,21.532469377442162
2025-03-27 19:59:59.999000+00:00,21.532469377442162
2025-03-27 23:59:59.999000+00:00,21.532469377442162
2025-03-28 03:59:59.999000+00:00,21.532469377442162
2025-03-28 07:59:59.999000+00:00,21.532469377442162
2025-03-28 11:59:59.999000+00:00,21.532469377442162
2025-03-28 15:59:59.999000+00:00,21.532469377442162
2025-03-28 19:59:59.999000+00:00,21.532469377442162
2025-03-28 23:59:59.999000+00:00,21.532469377442162
2025-03-29 03:59:59.999000+00:00,21.532469377442162
2025-03-29 07:59:59.999000+00:00,21.532469377442162
2025-03-29 11:59:59.999000+00:00,21.532469377442162
2025-03-29 15:59:59.999000+00:00,21.532469377442162
2025-03-29 19:59:59.999000+00:00,21.532469377442162
2025-03-29 23:59:59.999000+00:00,21.532469377442162
2025-03-30 03:59:59.999000+00:00,21.532469377442162
2025-03-30 07:59:59.999000+00:00,21.532469377442162
2025-03-30 11:59:59.999000+00:00,21.532469377442162
2025-03-30 15:59:59.999000+00:00,21.532469377442162
2025-03-30 19:59:59.999000+00:00,21.532469377442162
2025-03-30 23:59:59.999000+00:00,21.532469377442162
2025-03-31 03:59:59.999000+00:00,21.532469377442162
2025-03-31 07:59:59.999000+00:00,21.532469377442162
2025-03-31 11:59:59.999000+00:00,21.532469377442162
2025-03-31 15:59:59.999000+00:00,21.532469377442162
2025-03-31 19:59:59.999000+00:00,21.532469377442162
2025-03-31 23:59:59.999000+00:00,21.532469377442162
2025-04-01 03:59:59.999000+00:00,21.532469377442162
2025-04-01 07:59:59.999000+00:00,21.532469377442162
2025-04-01 11:59:59.999000+00:00,21.532469377442162
2025-04-01 15:59:59.999000+00:00,21.532469377442162
2025-04-01 19:59:59.999000+00:00,21.532469377442162
2025-04-01 23:59:59.999000+00:00,21.532469377442162
2025-04-02 03:59:59.999000+00:00,21.532469377442162
2025-04-02 07:59:59.999000+00:00,21.532469377442162
2025-04-02 11:59:59.999000+00:00,21.532469377442162
2025-04-02 15:59:59.999000+00:00,21.532469377442162
2025-04-02 19:59:59.999000+00:00,21.532469377442162
2025-04-02 23:59:59.999000+00:00,21.532469377442162
2025-04-03 03:59:59.999000+00:00,21.532469377442162
2025-04-03 07:59:59.999000+00:00,21.532469377442162
2025-04-03 11:59:59.999000+00:00,21.532469377442162
2025-04-03 15:59:59.999000+00:00,21.532469377442162
2025-04-03 19:59:59.999000+00:00,21.532469377442162
2025-04-03 23:59:59.999000+00:00,21.532469377442162
2025-04-04 03:59:59.999000+00:00,21.532469377442162
2025-04-04 07:59:59.999000+00:00,21.532469377442162
2025-04-04 11:59:59.999000+00:00,21.532469377442162
2025-04-04 15:59:59.999000+00:00,21.532469377442162
2025-04-04 19:59:59.999000+00:00,21.532469377442162
2025-04-04 23:59:59.999000+00:00,21.532469377442162
2025-04-05 03:59:59.999000+00:00,21.532469377442162
2025-04-05 07:59:59.999000+00:00,21.532469377442162
2025-04-05 11:59:59.999000+00:00,21.532469377442162
2025-04-05 15:59:59.999000+00:00,21.532469377442162
2025-04-05 19:59:59.999000+00:00,21.532469377442162
2025-04-05 23:59:59.999000+00:00,21.532469377442162
2025-04-06 03:59:59.999000+00:00,21.532469377442162
2025-04-06 07:59:59.999000+00:00,21.532469377442162
2025-04-06 11:59:59.999000+00:00,21.532469377442162
2025-04-06 15:59:59.999000+00:00,21.532469377442162
2025-04-06 19:59:59.999000+00:00,21.532469377442162
2025-04-06 23:59:59.999000+00:00,21.532469377442162
2025-04-07 03:59:59.999000+00:00,21.532469377442162
2025-04-07 07:59:59.999000+00:00,21.532469377442162
2025-04-07 11:59:59.999000+00:00,21.532469377442162
2025-04-07 15:59:59.999000+00:00,21.532469377442162
2025-04-07 19:59:59.999000+00:00,21.532469377442162
2025-04-07 23:59:59.999000+00:00,21.532469377442162
2025-04-08 03:59:59.999000+00:00,21.532469377442162
2025-04-08 07:59:59.999000+00:00,21.532469377442162
2025-04-08 11:59:59.999000+00:00,21.532469377442162
2025-04-08 15:59:59.999000+00:00,21.532469377442162
2025-04-08 19:59:59.999000+00:00,21.532469377442162
2025-04-08 23:59:59.999000+00:00,21.532469377442162
2025-04-09 03:59:59.999000+00:00,21.532469377442162
2025-04-09 07:59:59.999000+00:00,21.532469377442162
2025-04-09 11:59:59.999000+00:00,21.532469377442162
2025-04-09 15:59:59.999000+00:00,21.532469377442162
2025-04-09 19:59:59.999000+00:00,21.532469377442162
2025-04-09 23:59:59.999000+00:00,21.532469377442162
2025-04-10 03:59:59.999000+00:00,21.532469377442162
2025-04-10 07:59:59.999000+00:00,21.532469377442162
2025-04-10 11:59:59.999000+00:00,21.532469377442162
2025-04-10 15:59:59.999000+00:00,21.532469377442162
2025-04-10 19:59:59.999000+00:00,21.532469377442162
2025-04-10 23:59:59.999000+00:00,21.532469377442162
2025-04-11 03:59:59.999000+00:00,21.532469377442162
2025-04-11 07:59:59.999000+00:00,21.532469377442162
2025-04-11 11:59:59.999000+00:00,21.532469377442162
2025-04-11 15:59:59.999000+00:00,21.532469377442162
2025-04-11 19:59:59.999000+00:00,21.532469377442162
2025-04-11 23:59:59.999000+00:00,21.532469377442162
2025-04-12 03:59:59.999000+00:00,21.532469377442162
2025-04-12 07:59:59.999000+00:00,21.532469377442162
2025-04-12 11:59:59.999000+00:00,21.500244453196164
2025-04-12 15:59:59.999000+00:00,21.648254453196163
2025-04-12 19:59:59.999000+00:00,21.641754453196164
2025-04-12 23:59:59.999000+00:00,21.675104453196163
2025-04-13 03:59:59.999000+00:00,21.69064545319616
2025-04-13 07:59:59.999000+00:00,21.588724453196164
2025-04-13 11:59:59.999000+00:00,21.600280453196163
2025-04-13 15:59:59.999000+00:00,21.53238045319616
2025-04-13 19:59:59.999000+00:00,21.545545453196162
2025-04-13 23:59:59.999000+00:00,21.523414453196164
2025-04-14 03:59:59.999000+00:00,21.604017453196164
2025-04-14 07:59:59.999000+00:00,21.60549045319616
2025-04-14 11:59:59.999000+00:00,21.640169453196165
2025-04-14 15:59:59.999000+00:00,21.557530453196165
2025-04-14 19:59:59.999000+00:00,21.639721453196163
2025-04-14 23:59:59.999000+00:00,21.606572453196165
2025-04-15 03:59:59.999000+00:00,21.685410453196162
2025-04-15 07:59:59.999000+00:00,21.719091453196164
2025-04-15 11:59:59.999000+00:00,21.706337453196163
2025-04-15 15:59:59.999000+00:00,21.63922845319616
2025-04-15 19:59:59.999000+00:00,21.547266453196166
2025-04-15 23:59:59.999000+00:00,21.51181345319616
2025-04-16 03:59:59.999000+00:00,21.51698045319616
2025-04-16 07:59:59.999000+00:00,21.483731453196164
2025-04-16 11:59:59.999000+00:00,21.552225453196165
2025-04-16 15:59:59.999000+00:00,21.632072453196166
2025-04-16 19:59:59.999000+00:00,21.580815453196163
2025-04-16 23:59:59.999000+00:00,21.550452453196165
2025-04-17 03:59:59.999000+00:00,21.54683745319616
2025-04-17 07:59:59.999000+00:00,21.614412453196163
2025-04-17 11:59:59.999000+00:00,21.603614453196165
2025-04-17 15:59:59.999000+00:00,21.600585453196164
2025-04-17 19:59:59.999000+00:00,21.632320453196165
2025-04-17 23:59:59.999000+00:00,21.642205453196162
2025-04-18 03:59:59.999000+00:00,21.630214453196164
2025-04-18 07:59:59.999000+00:00,21.612882453196164
2025-04-18 11:59:59.999000+00:00,21.614325453196162
2025-04-18 15:59:59.999000+00:00,21.584873453196163
2025-04-18 19:59:59.999000+00:00,21.603697453196162
2025-04-18 23:59:59.999000+00:00,21.59488345319616
2025-04-19 03:59:59.999000+00:00,21.635785453196164
2025-04-19 07:59:59.999000+00:00,21.669153453196163
2025-04-19 11:59:59.999000+00:00,21.669154453196164
2025-04-19 15:59:59.999000+00:00,21.666533453196163
2025-04-19 19:59:59.999000+00:00,21.655969453196164
2025-04-19 23:59:59.999000+00:00,21.65511545319616
2025-04-20 03:59:59.999000+00:00,21.66429545319616
2025-04-20 07:59:59.999000+00:00,21.62581545319616
2025-04-20 11:59:59.999000+00:00,21.560397453196163
2025-04-20 15:59:59.999000+00:00,21.581880453196163
2025-04-20 19:59:59.999000+00:00,21.612575453196165
2025-04-20 23:59:59.999000+00:00,21.665338453196163
2025-04-21 03:59:59.999000+00:00,21.867970453196165
2025-04-21 07:59:59.999000+00:00,21.890892453196162
2025-04-21 11:59:59.999000+00:00,21.844606453196164
2025-04-21 15:59:59.999000+00:00,21.929737582952164
2025-04-21 19:59:59.999000+00:00,21.929737582952164
2025-04-21 23:59:59.999000+00:00,21.929737582952164
2025-04-22 03:59:59.999000+00:00,21.929737582952164
2025-04-22 07:59:59.999000+00:00,21.929737582952164
2025-04-22 11:59:59.999000+00:00,21.929737582952164
2025-04-22 15:59:59.999000+00:00,21.929737582952164
2025-04-22 19:59:59.999000+00:00,21.929737582952164
2025-04-22 23:59:59.999000+00:00,21.929737582952164
2025-04-23 03:59:59.999000+00:00,21.929737582952164
2025-04-23 07:59:59.999000+00:00,21.929737582952164
2025-04-23 11:59:59.999000+00:00,21.929737582952164
2025-04-23 15:59:59.999000+00:00,21.929737582952164
2025-04-23 19:59:59.999000+00:00,21.929737582952164
2025-04-23 23:59:59.999000+00:00,21.929737582952164
2025-04-24 03:59:59.999000+00:00,21.929737582952164
2025-04-24 07:59:59.999000+00:00,21.929737582952164
2025-04-24 11:59:59.999000+00:00,21.929737582952164
2025-04-24 15:59:59.999000+00:00,21.929737582952164
2025-04-24 19:59:59.999000+00:00,21.929737582952164
2025-04-24 23:59:59.999000+00:00,21.929737582952164
2025-04-25 03:59:59.999000+00:00,21.929737582952164
2025-04-25 07:59:59.999000+00:00,21.929737582952164
2025-04-25 11:59:59.999000+00:00,21.929737582952164
2025-04-25 15:59:59.999000+00:00,21.929737582952164
2025-04-25 19:59:59.999000+00:00,21.929737582952164
2025-04-25 23:59:59.999000+00:00,21.929737582952164
2025-04-26 03:59:59.999000+00:00,21.929737582952164
2025-04-26 07:59:59.999000+00:00,21.929737582952164
2025-04-26 11:59:59.999000+00:00,21.929737582952164
2025-04-26 15:59:59.999000+00:00,21.929737582952164
2025-04-26 19:59:59.999000+00:00,21.929737582952164
2025-04-26 23:59:59.999000+00:00,21.929737582952164
2025-04-27 03:59:59.999000+00:00,21.929737582952164
2025-04-27 07:59:59.999000+00:00,21.929737582952164
2025-04-27 11:59:59.999000+00:00,21.929737582952164
2025-04-27 15:59:59.999000+00:00,21.929737582952164
2025-04-27 19:59:59.999000+00:00,21.929737582952164
2025-04-27 23:59:59.999000+00:00,21.929737582952164
2025-04-28 03:59:59.999000+00:00,21.929737582952164
2025-04-28 07:59:59.999000+00:00,21.929737582952164
2025-04-28 11:59:59.999000+00:00,21.929737582952164
2025-04-28 15:59:59.999000+00:00,21.929737582952164
2025-04-28 19:59:59.999000+00:00,21.929737582952164
2025-04-28 23:59:59.999000+00:00,21.929737582952164
2025-04-29 03:59:59.999000+00:00,21.929737582952164
2025-04-29 07:59:59.999000+00:00,21.929737582952164
2025-04-29 11:59:59.999000+00:00,21.929737582952164
2025-04-29 15:59:59.999000+00:00,21.929737582952164
2025-04-29 19:59:59.999000+00:00,21.929737582952164
2025-04-29 23:59:59.999000+00:00,21.929737582952164
2025-04-30 03:59:59.999000+00:00,21.929737582952164
2025-04-30 07:59:59.999000+00:00,21.929737582952164
2025-04-30 11:59:59.999000+00:00,21.929737582952164
2025-04-30 15:59:59.999000+00:00,21.929737582952164
2025-04-30 19:59:59.999000+00:00,21.929737582952164
2025-04-30 23:59:59.999000+00:00,21.929737582952164
2025-05-01 03:59:59.999000+00:00,21.929737582952164
2025-05-01 07:59:59.999000+00:00,21.929737582952164
2025-05-01 11:59:59.999000+00:00,21.929737582952164
2025-05-01 15:59:59.999000+00:00,21.929737582952164
2025-05-01 19:59:59.999000+00:00,21.929737582952164
2025-05-01 23:59:59.999000+00:00,21.929737582952164
2025-05-02 03:59:59.999000+00:00,21.929737582952164
2025-05-02 07:59:59.999000+00:00,21.929737582952164
2025-05-02 11:59:59.999000+00:00,21.929737582952164
2025-05-02 15:59:59.999000+00:00,21.929737582952164
2025-05-02 19:59:59.999000+00:00,21.929737582952164
2025-05-02 23:59:59.999000+00:00,21.929737582952164
2025-05-03 03:59:59.999000+00:00,21.929737582952164
2025-05-03 07:59:59.999000+00:00,21.929737582952164
2025-05-03 11:59:59.999000+00:00,21.929737582952164
2025-05-03 15:59:59.999000+00:00,21.929737582952164
2025-05-03 19:59:59.999000+00:00,21.929737582952164
2025-05-03 23:59:59.999000+00:00,21.929737582952164
2025-05-04 03:59:59.999000+00:00,21.929737582952164
2025-05-04 07:59:59.999000+00:00,21.929737582952164
2025-05-04 11:59:59.999000+00:00,21.929737582952164
2025-05-04 15:59:59.999000+00:00,21.929737582952164
2025-05-04 19:59:59.999000+00:00,21.929737582952164
2025-05-04 23:59:59.999000+00:00,21.929737582952164
2025-05-05 03:59:59.999000+00:00,21.929737582952164
2025-05-05 07:59:59.999000+00:00,21.929737582952164
2025-05-05 11:59:59.999000+00:00,21.929737582952164
2025-05-05 15:59:59.999000+00:00,21.929737582952164
2025-05-05 19:59:59.999000+00:00,21.929737582952164
2025-05-05 23:59:59.999000+00:00,21.929737582952164
2025-05-06 03:59:59.999000+00:00,21.929737582952164
2025-05-06 07:59:59.999000+00:00,21.929737582952164
2025-05-06 11:59:59.999000+00:00,21.929737582952164
2025-05-06 15:59:59.999000+00:00,21.929737582952164
2025-05-06 19:59:59.999000+00:00,21.929737582952164
2025-05-06 23:59:59.999000+00:00,21.929737582952164
2025-05-07 03:59:59.999000+00:00,21.929737582952164
2025-05-07 07:59:59.999000+00:00,21.929737582952164
2025-05-07 11:59:59.999000+00:00,21.929737582952164
2025-05-07 15:59:59.999000+00:00,21.929737582952164
2025-05-07 19:59:59.999000+00:00,21.929737582952164
2025-05-07 23:59:59.999000+00:00,21.929737582952164
2025-05-08 03:59:59.999000+00:00,21.929737582952164
2025-05-08 07:59:59.999000+00:00,21.929737582952164
2025-05-08 11:59:59.999000+00:00,21.929737582952164
2025-05-08 15:59:59.999000+00:00,21.929737582952164
2025-05-08 19:59:59.999000+00:00,21.929737582952164
2025-05-08 23:59:59.999000+00:00,21.929737582952164
2025-05-09 03:59:59.999000+00:00,21.929737582952164
2025-05-09 07:59:59.999000+00:00,21.929737582952164
2025-05-09 11:59:59.999000+00:00,21.929737582952164
2025-05-09 15:59:59.999000+00:00,21.929737582952164
2025-05-09 19:59:59.999000+00:00,21.929737582952164
2025-05-09 23:59:59.999000+00:00,21.929737582952164
2025-05-10 03:59:59.999000+00:00,21.929737582952164
2025-05-10 07:59:59.999000+00:00,21.929737582952164
2025-05-10 11:59:59.999000+00:00,21.929737582952164
2025-05-10 15:59:59.999000+00:00,21.929737582952164
2025-05-10 19:59:59.999000+00:00,21.929737582952164
2025-05-10 23:59:59.999000+00:00,21.929737582952164
2025-05-11 03:59:59.999000+00:00,21.929737582952164
2025-05-11 07:59:59.999000+00:00,21.929737582952164
2025-05-11 11:59:59.999000+00:00,21.929737582952164
2025-05-11 15:59:59.999000+00:00,21.929737582952164
2025-05-11 19:59:59.999000+00:00,21.929737582952164
2025-05-11 23:59:59.999000+00:00,21.929737582952164
2025-05-12 03:59:59.999000+00:00,21.929737582952164
2025-05-12 07:59:59.999000+00:00,21.929737582952164
2025-05-12 11:59:59.999000+00:00,21.929737582952164
2025-05-12 15:59:59.999000+00:00,21.929737582952164
2025-05-12 19:59:59.999000+00:00,21.929737582952164
2025-05-12 23:59:59.999000+00:00,21.929737582952164
2025-05-13 03:59:59.999000+00:00,21.929737582952164
2025-05-13 07:59:59.999000+00:00,21.929737582952164
2025-05-13 11:59:59.999000+00:00,21.929737582952164
2025-05-13 15:59:59.999000+00:00,21.929737582952164
2025-05-13 19:59:59.999000+00:00,21.929737582952164
2025-05-13 23:59:59.999000+00:00,21.929737582952164
2025-05-14 03:59:59.999000+00:00,21.929737582952164
2025-05-14 07:59:59.999000+00:00,21.929737582952164
2025-05-14 11:59:59.999000+00:00,21.929737582952164
2025-05-14 15:59:59.999000+00:00,21.929737582952164
2025-05-14 19:59:59.999000+00:00,21.929737582952164
2025-05-14 23:59:59.999000+00:00,21.929737582952164
2025-05-15 03:59:59.999000+00:00,21.929737582952164
2025-05-15 07:59:59.999000+00:00,21.929737582952164
2025-05-15 11:59:59.999000+00:00,21.929737582952164
2025-05-15 15:59:59.999000+00:00,21.929737582952164
2025-05-15 19:59:59.999000+00:00,21.929737582952164
2025-05-15 23:59:59.999000+00:00,21.929737582952164
2025-05-16 03:59:59.999000+00:00,21.929737582952164
2025-05-16 07:59:59.999000+00:00,21.929737582952164
2025-05-16 11:59:59.999000+00:00,21.929737582952164
2025-05-16 15:59:59.999000+00:00,21.929737582952164
2025-05-16 19:59:59.999000+00:00,21.929737582952164
2025-05-16 23:59:59.999000+00:00,21.929737582952164
2025-05-17 03:59:59.999000+00:00,21.929737582952164
2025-05-17 07:59:59.999000+00:00,21.929737582952164
2025-05-17 11:59:59.999000+00:00,21.929737582952164
2025-05-17 15:59:59.999000+00:00,21.929737582952164
2025-05-17 19:59:59.999000+00:00,21.929737582952164
2025-05-17 23:59:59.999000+00:00,21.929737582952164
2025-05-18 03:59:59.999000+00:00,21.929737582952164
2025-05-18 07:59:59.999000+00:00,21.929737582952164
2025-05-18 11:59:59.999000+00:00,21.929737582952164
2025-05-18 15:59:59.999000+00:00,21.929737582952164
2025-05-18 19:59:59.999000+00:00,21.929737582952164
2025-05-18 23:59:59.999000+00:00,21.929737582952164
2025-05-19 03:59:59.999000+00:00,21.929737582952164
2025-05-19 07:59:59.999000+00:00,21.929737582952164
2025-05-19 11:59:59.999000+00:00,21.929737582952164
2025-05-19 15:59:59.999000+00:00,21.929737582952164
2025-05-19 19:59:59.999000+00:00,21.929737582952164
2025-05-19 23:59:59.999000+00:00,21.929737582952164
2025-05-20 03:59:59.999000+00:00,21.929737582952164
2025-05-20 07:59:59.999000+00:00,21.929737582952164
2025-05-20 11:59:59.999000+00:00,21.929737582952164
2025-05-20 15:59:59.999000+00:00,21.929737582952164
2025-05-20 19:59:59.999000+00:00,21.929737582952164
2025-05-20 23:59:59.999000+00:00,21.929737582952164
2025-05-21 03:59:59.999000+00:00,21.929737582952164
2025-05-21 07:59:59.999000+00:00,21.929737582952164
2025-05-21 11:59:59.999000+00:00,21.929737582952164
2025-05-21 15:59:59.999000+00:00,21.929737582952164
2025-05-21 19:59:59.999000+00:00,21.929737582952164
2025-05-21 23:59:59.999000+00:00,21.929737582952164
2025-05-22 03:59:59.999000+00:00,21.929737582952164
2025-05-22 07:59:59.999000+00:00,21.929737582952164
2025-05-22 11:59:59.999000+00:00,21.929737582952164
2025-05-22 15:59:59.999000+00:00,21.929737582952164
2025-05-22 19:59:59.999000+00:00,21.929737582952164
2025-05-22 23:59:59.999000+00:00,21.929737582952164
2025-05-23 03:59:59.999000+00:00,21.929737582952164
2025-05-23 07:59:59.999000+00:00,21.929737582952164
2025-05-23 11:59:59.999000+00:00,21.929737582952164
2025-05-23 15:59:59.999000+00:00,21.929737582952164
2025-05-23 19:59:59.999000+00:00,21.929737582952164
2025-05-23 23:59:59.999000+00:00,21.929737582952164
2025-05-24 03:59:59.999000+00:00,21.929737582952164
2025-05-24 07:59:59.999000+00:00,21.929737582952164
2025-05-24 11:59:59.999000+00:00,21.929737582952164
2025-05-24 15:59:59.999000+00:00,21.929737582952164
2025-05-24 19:59:59.999000+00:00,21.929737582952164
2025-05-24 23:59:59.999000+00:00,21.929737582952164
2025-05-25 03:59:59.999000+00:00,21.929737582952164
2025-05-25 07:59:59.999000+00:00,21.929737582952164
2025-05-25 11:59:59.999000+00:00,21.929737582952164
2025-05-25 15:59:59.999000+00:00,21.929737582952164
2025-05-25 19:59:59.999000+00:00,21.929737582952164
2025-05-25 23:59:59.999000+00:00,21.929737582952164
2025-05-26 03:59:59.999000+00:00,21.929737582952164
2025-05-26 07:59:59.999000+00:00,21.929737582952164
2025-05-26 11:59:59.999000+00:00,21.929737582952164
2025-05-26 15:59:59.999000+00:00,21.929737582952164
2025-05-26 19:59:59.999000+00:00,21.929737582952164
2025-05-26 23:59:59.999000+00:00,21.929737582952164
2025-05-27 03:59:59.999000+00:00,21.929737582952164
2025-05-27 07:59:59.999000+00:00,21.929737582952164
2025-05-27 11:59:59.999000+00:00,21.929737582952164
2025-05-27 15:59:59.999000+00:00,21.929737582952164
2025-05-27 19:59:59.999000+00:00,21.929737582952164
2025-05-27 23:59:59.999000+00:00,21.929737582952164
2025-05-28 03:59:59.999000+00:00,21.929737582952164
2025-05-28 07:59:59.999000+00:00,21.929737582952164
2025-05-28 11:59:59.999000+00:00,21.929737582952164
2025-05-28 15:59:59.999000+00:00,21.929737582952164
2025-05-28 19:59:59.999000+00:00,21.929737582952164
2025-05-28 23:59:59.999000+00:00,21.929737582952164
2025-05-29 03:59:59.999000+00:00,21.929737582952164
2025-05-29 07:59:59.999000+00:00,21.929737582952164
2025-05-29 11:59:59.999000+00:00,21.929737582952164
2025-05-29 15:59:59.999000+00:00,21.929737582952164
2025-05-29 19:59:59.999000+00:00,21.929737582952164
2025-05-29 23:59:59.999000+00:00,21.929737582952164
2025-05-30 03:59:59.999000+00:00,21.929737582952164
2025-05-30 07:59:59.999000+00:00,21.929737582952164
2025-05-30 11:59:59.999000+00:00,21.929737582952164
2025-05-30 15:59:59.999000+00:00,21.929737582952164
2025-05-30 19:59:59.999000+00:00,21.929737582952164
2025-05-30 23:59:59.999000+00:00,21.929737582952164
2025-05-31 03:59:59.999000+00:00,21.929737582952164
2025-05-31 07:59:59.999000+00:00,21.929737582952164
2025-05-31 11:59:59.999000+00:00,21.929737582952164
2025-05-31 15:59:59.999000+00:00,21.929737582952164
2025-05-31 19:59:59.999000+00:00,21.929737582952164
2025-05-31 23:59:59.999000+00:00,21.929737582952164
2025-06-01 03:59:59.999000+00:00,21.929737582952164
2025-06-01 07:59:59.999000+00:00,21.929737582952164
2025-06-01 11:59:59.999000+00:00,21.929737582952164
2025-06-01 15:59:59.999000+00:00,21.929737582952164
2025-06-01 19:59:59.999000+00:00,21.929737582952164
2025-06-01 23:59:59.999000+00:00,21.929737582952164
2025-06-02 03:59:59.999000+00:00,21.929737582952164
2025-06-02 07:59:59.999000+00:00,21.929737582952164
2025-06-02 11:59:59.999000+00:00,21.929737582952164
2025-06-02 15:59:59.999000+00:00,21.929737582952164
2025-06-02 19:59:59.999000+00:00,21.929737582952164
2025-06-02 23:59:59.999000+00:00,21.929737582952164
2025-06-03 03:59:59.999000+00:00,21.929737582952164
2025-06-03 07:59:59.999000+00:00,21.929737582952164
2025-06-03 11:59:59.999000+00:00,21.929737582952164
2025-06-03 15:59:59.999000+00:00,21.929737582952164
2025-06-03 19:59:59.999000+00:00,21.929737582952164
2025-06-03 23:59:59.999000+00:00,21.929737582952164
2025-06-04 03:59:59.999000+00:00,21.929737582952164
2025-06-04 07:59:59.999000+00:00,21.929737582952164
2025-06-04 11:59:59.999000+00:00,21.929737582952164
2025-06-04 15:59:59.999000+00:00,21.929737582952164
2025-06-04 19:59:59.999000+00:00,21.929737582952164
2025-06-04 23:59:59.999000+00:00,21.929737582952164
2025-06-05 03:59:59.999000+00:00,21.929737582952164
2025-06-05 07:59:59.999000+00:00,21.929737582952164
2025-06-05 11:59:59.999000+00:00,21.929737582952164
2025-06-05 15:59:59.999000+00:00,21.929737582952164
2025-06-05 19:59:59.999000+00:00,21.929737582952164
2025-06-05 23:59:59.999000+00:00,21.929737582952164
2025-06-06 03:59:59.999000+00:00,21.929737582952164
2025-06-06 07:59:59.999000+00:00,21.929737582952164
2025-06-06 11:59:59.999000+00:00,21.929737582952164
2025-06-06 15:59:59.999000+00:00,21.929737582952164
2025-06-06 19:59:59.999000+00:00,21.929737582952164
2025-06-06 23:59:59.999000+00:00,21.929737582952164
2025-06-07 03:59:59.999000+00:00,21.929737582952164
2025-06-07 07:59:59.999000+00:00,21.929737582952164
2025-06-07 11:59:59.999000+00:00,21.929737582952164
2025-06-07 15:59:59.999000+00:00,21.929737582952164
2025-06-07 19:59:59.999000+00:00,21.929737582952164
2025-06-07 23:59:59.999000+00:00,21.929737582952164
2025-06-08 03:59:59.999000+00:00,21.929737582952164
2025-06-08 07:59:59.999000+00:00,21.929737582952164
2025-06-08 11:59:59.999000+00:00,21.929737582952164
2025-06-08 15:59:59.999000+00:00,21.929737582952164
2025-06-08 19:59:59.999000+00:00,21.929737582952164
2025-06-08 23:59:59.999000+00:00,21.929737582952164
2025-06-09 03:59:59.999000+00:00,21.929737582952164
2025-06-09 07:59:59.999000+00:00,21.929737582952164
2025-06-09 11:59:59.999000+00:00,21.929737582952164
2025-06-09 15:59:59.999000+00:00,21.929737582952164
2025-06-09 19:59:59.999000+00:00,21.929737582952164
2025-06-09 23:59:59.999000+00:00,21.929737582952164
2025-06-10 03:59:59.999000+00:00,21.929737582952164
2025-06-10 07:59:59.999000+00:00,21.929737582952164
2025-06-10 11:59:59.999000+00:00,21.929737582952164
2025-06-10 15:59:59.999000+00:00,21.929737582952164
2025-06-10 19:59:59.999000+00:00,21.929737582952164
2025-06-10 23:59:59.999000+00:00,21.929737582952164
2025-06-11 03:59:59.999000+00:00,21.929737582952164
2025-06-11 07:59:59.999000+00:00,21.929737582952164
2025-06-11 11:59:59.999000+00:00,21.929737582952164
2025-06-11 15:59:59.999000+00:00,21.929737582952164
2025-06-11 19:59:59.999000+00:00,21.929737582952164
2025-06-11 23:59:59.999000+00:00,21.929737582952164
2025-06-12 03:59:59.999000+00:00,21.929737582952164
2025-06-12 07:59:59.999000+00:00,21.929737582952164
2025-06-12 11:59:59.999000+00:00,21.929737582952164
2025-06-12 15:59:59.999000+00:00,21.929737582952164
2025-06-12 19:59:59.999000+00:00,21.929737582952164
2025-06-12 23:59:59.999000+00:00,21.929737582952164
2025-06-13 03:59:59.999000+00:00,21.929737582952164
2025-06-13 07:59:59.999000+00:00,21.929737582952164
2025-06-13 11:59:59.999000+00:00,21.929737582952164
2025-06-13 15:59:59.999000+00:00,21.929737582952164
2025-06-13 19:59:59.999000+00:00,21.929737582952164
2025-06-13 23:59:59.999000+00:00,21.929737582952164
2025-06-14 03:59:59.999000+00:00,21.929737582952164
2025-06-14 07:59:59.999000+00:00,21.929737582952164
2025-06-14 11:59:59.999000+00:00,21.929737582952164
2025-06-14 15:59:59.999000+00:00,21.929737582952164
2025-06-14 19:59:59.999000+00:00,21.929737582952164
2025-06-14 23:59:59.999000+00:00,21.929737582952164
2025-06-15 03:59:59.999000+00:00,21.929737582952164
2025-06-15 07:59:59.999000+00:00,21.929737582952164
2025-06-15 11:59:59.999000+00:00,21.929737582952164
2025-06-15 15:59:59.999000+00:00,21.929737582952164
2025-06-15 19:59:59.999000+00:00,21.929737582952164
2025-06-15 23:59:59.999000+00:00,21.929737582952164
2025-06-16 03:59:59.999000+00:00,21.929737582952164
2025-06-16 07:59:59.999000+00:00,21.929737582952164
2025-06-16 11:59:59.999000+00:00,21.929737582952164
2025-06-16 15:59:59.999000+00:00,21.929737582952164
2025-06-16 19:59:59.999000+00:00,21.929737582952164
2025-06-16 23:59:59.999000+00:00,21.929737582952164
2025-06-17 03:59:59.999000+00:00,21.980588367570963
2025-06-17 07:59:59.999000+00:00,21.914037167570964
2025-06-17 11:59:59.999000+00:00,21.824673167570964
2025-06-17 15:59:59.999000+00:00,21.694996128239765
2025-06-17 19:59:59.999000+00:00,21.694996128239765
2025-06-17 23:59:59.999000+00:00,21.694996128239765
2025-06-18 03:59:59.999000+00:00,21.694996128239765
2025-06-18 07:59:59.999000+00:00,21.694996128239765
2025-06-18 11:59:59.999000+00:00,21.694996128239765
2025-06-18 15:59:59.999000+00:00,21.694996128239765
2025-06-18 19:59:59.999000+00:00,21.694996128239765
2025-06-18 23:59:59.999000+00:00,21.694996128239765
2025-06-19 03:59:59.999000+00:00,21.694996128239765
2025-06-19 07:59:59.999000+00:00,21.694996128239765
2025-06-19 11:59:59.999000+00:00,21.694996128239765
2025-06-19 15:59:59.999000+00:00,21.694996128239765
2025-06-19 19:59:59.999000+00:00,21.694996128239765
2025-06-19 23:59:59.999000+00:00,21.694996128239765
2025-06-20 03:59:59.999000+00:00,21.694996128239765
2025-06-20 07:59:59.999000+00:00,21.694996128239765
2025-06-20 11:59:59.999000+00:00,21.694996128239765
2025-06-20 15:59:59.999000+00:00,21.694996128239765
2025-06-20 19:59:59.999000+00:00,21.694996128239765
2025-06-20 23:59:59.999000+00:00,21.694996128239765
2025-06-21 03:59:59.999000+00:00,21.694996128239765
2025-06-21 07:59:59.999000+00:00,21.694996128239765
2025-06-21 11:59:59.999000+00:00,21.694996128239765
2025-06-21 15:59:59.999000+00:00,21.694996128239765
2025-06-21 19:59:59.999000+00:00,21.694996128239765
2025-06-21 23:59:59.999000+00:00,21.694996128239765
2025-06-22 03:59:59.999000+00:00,21.694996128239765
2025-06-22 07:59:59.999000+00:00,21.694996128239765
2025-06-22 11:59:59.999000+00:00,21.694996128239765
2025-06-22 15:59:59.999000+00:00,21.694996128239765
2025-06-22 19:59:59.999000+00:00,21.694996128239765
2025-06-22 23:59:59.999000+00:00,21.694996128239765
2025-06-23 03:59:59.999000+00:00,21.694996128239765
2025-06-23 07:59:59.999000+00:00,21.694996128239765
2025-06-23 11:59:59.999000+00:00,21.694996128239765
2025-06-23 15:59:59.999000+00:00,21.694996128239765
2025-06-23 19:59:59.999000+00:00,21.694996128239765
2025-06-23 23:59:59.999000+00:00,21.694996128239765
2025-06-24 03:59:59.999000+00:00,21.694996128239765
2025-06-24 07:59:59.999000+00:00,21.694996128239765
2025-06-24 11:59:59.999000+00:00,21.694996128239765
2025-06-24 15:59:59.999000+00:00,21.694996128239765
2025-06-24 19:59:59.999000+00:00,21.694996128239765
2025-06-24 23:59:59.999000+00:00,21.694996128239765
2025-06-25 03:59:59.999000+00:00,21.694996128239765
2025-06-25 07:59:59.999000+00:00,21.694996128239765
2025-06-25 11:59:59.999000+00:00,21.73004146423977
2025-06-25 15:59:59.999000+00:00,21.716439864239767
2025-06-25 19:59:59.999000+00:00,21.775134264239767
2025-06-25 23:59:59.999000+00:00,21.74144626423977
2025-06-26 03:59:59.999000+00:00,21.782503064239766
2025-06-26 07:59:59.999000+00:00,21.779319064239765
2025-06-26 11:59:59.999000+00:00,21.74023266423977
2025-06-26 15:59:59.999000+00:00,21.739287864239767
2025-06-26 19:59:59.999000+00:00,21.756838264239768
2025-06-26 23:59:59.999000+00:00,21.709964664239767
2025-06-27 03:59:59.999000+00:00,21.752420664239764
2025-06-27 07:59:59.999000+00:00,21.70377666423977
2025-06-27 11:59:59.999000+00:00,21.712887864239768
2025-06-27 15:59:59.999000+00:00,21.738859864239767
2025-06-27 19:59:59.999000+00:00,21.698281464239766
2025-06-27 23:59:59.999000+00:00,21.718007064239767
2025-06-28 03:59:59.999000+00:00,21.73821026423977
2025-06-28 07:59:59.999000+00:00,21.75299986423977
2025-06-28 11:59:59.999000+00:00,21.74407106423977
2025-06-28 15:59:59.999000+00:00,21.750142264239766
2025-06-28 19:59:59.999000+00:00,21.73225906423977
2025-06-28 23:59:59.999000+00:00,21.737943064239765
2025-06-29 03:59:59.999000+00:00,21.731062264239768
2025-06-29 07:59:59.999000+00:00,21.746374264239765
2025-06-29 11:59:59.999000+00:00,21.832368664239766
2025-06-29 15:59:59.999000+00:00,21.774257464239767
2025-06-29 19:59:59.999000+00:00,21.746744664239767
2025-06-29 23:59:59.999000+00:00,21.822754264239766
2025-06-30 03:59:59.999000+00:00,21.834499064239765
2025-06-30 07:59:59.999000+00:00,21.763326264239765
2025-06-30 11:59:59.999000+00:00,21.766535864239767
2025-06-30 15:59:59.999000+00:00,21.76063666423977
2025-06-30 19:59:59.999000+00:00,21.773877464239767
2025-06-30 23:59:59.999000+00:00,21.725919864239767
2025-07-01 03:59:59.999000+00:00,21.729590264239768
2025-07-01 07:59:59.999000+00:00,21.72851906423977
2025-07-01 11:59:59.999000+00:00,21.682663864239768
2025-07-01 15:59:59.999000+00:00,21.630614264239767
2025-07-01 19:59:59.999000+00:00,21.586082264239767
2025-07-01 23:59:59.999000+00:00,21.608691064239768
2025-07-02 03:59:59.999000+00:00,21.649775864239764
2025-07-02 07:59:59.999000+00:00,21.720599864239766
2025-07-02 11:59:59.999000+00:00,21.752599064239767
2025-07-02 15:59:59.999000+00:00,21.853219064239767
2025-07-02 19:59:59.999000+00:00,21.928291064239765
2025-07-02 23:59:59.999000+00:00,21.862167864239765
2025-07-03 03:59:59.999000+00:00,21.844456664239768
2025-07-03 07:59:59.999000+00:00,21.896599864239768
2025-07-03 11:59:59.999000+00:00,21.922135064239768
2025-07-03 15:59:59.999000+00:00,21.884427064239766
2025-07-03 19:59:59.999000+00:00,21.938472664239768
2025-07-03 23:59:59.999000+00:00,21.92098226423977
2025-07-04 03:59:59.999000+00:00,21.89304546423977
2025-07-04 07:59:59.999000+00:00,21.85019986423977
2025-07-04 11:59:59.999000+00:00,21.86523986423977
2025-07-04 15:59:59.999000+00:00,21.760063064239766
2025-07-04 19:59:59.999000+00:00,21.75173826423977
2025-07-04 23:59:59.999000+00:00,21.792939064239768
2025-07-05 03:59:59.999000+00:00,21.806577464239766
2025-07-05 07:59:59.999000+00:00,21.798476664239768
2025-07-05 11:59:59.999000+00:00,21.803176664239768
2025-07-05 15:59:59.999000+00:00,21.798839864239767
2025-07-05 19:59:59.999000+00:00,21.80554226423977
2025-07-05 23:59:59.999000+00:00,21.810049464239768
2025-07-06 03:59:59.999000+00:00,21.798239064239766
2025-07-06 07:59:59.999000+00:00,21.797424664239767
2025-07-06 11:59:59.999000+00:00,21.800280664239764
2025-07-06 15:59:59.999000+00:00,21.86667906423977
2025-07-06 19:59:59.999000+00:00,21.837276664239766
2025-07-06 23:59:59.999000+00:00,21.890507064239767
2025-07-07 03:59:59.999000+00:00,21.905357464239767
2025-07-07 07:59:59.999000+00:00,21.879086264239767
2025-07-07 11:59:59.999000+00:00,21.845560664239766
2025-07-07 15:59:59.999000+00:00,21.817607064239766
2025-07-07 19:59:59.999000+00:00,21.798734264239766
2025-07-07 23:59:59.999000+00:00,21.815235064239765
2025-07-08 03:59:59.999000+00:00,21.78632146423977
2025-07-08 07:59:59.999000+00:00,21.832968664239765
2025-07-08 11:59:59.999000+00:00,21.854709464239768
2025-07-08 15:59:59.999000+00:00,21.815667864239767
2025-07-08 19:59:59.999000+00:00,21.855950264239766
2025-07-08 23:59:59.999000+00:00,21.868038264239765
2025-07-09 03:59:59.999000+00:00,21.82431266423977
2025-07-09 07:59:59.999000+00:00,21.851351064239765
2025-07-09 11:59:59.999000+00:00,21.87886146423977
2025-07-09 15:59:59.999000+00:00,21.87990546423977
2025-07-09 19:59:59.999000+00:00,22.099642828478167
2025-07-09 23:59:59.999000+00:00,22.099642828478167
2025-07-10 03:59:59.999000+00:00,22.099642828478167
2025-07-10 07:59:59.999000+00:00,22.099642828478167
2025-07-10 11:59:59.999000+00:00,22.099642828478167
2025-07-10 15:59:59.999000+00:00,22.099642828478167
2025-07-10 19:59:59.999000+00:00,22.099642828478167
2025-07-10 23:59:59.999000+00:00,22.099642828478167
2025-07-11 03:59:59.999000+00:00,22.099642828478167
2025-07-11 07:59:59.999000+00:00,22.099642828478167
2025-07-11 11:59:59.999000+00:00,22.099642828478167
2025-07-11 15:59:59.999000+00:00,22.099642828478167
2025-07-11 19:59:59.999000+00:00,22.099642828478167
2025-07-11 23:59:59.999000+00:00,22.099642828478167
2025-07-12 03:59:59.999000+00:00,22.099642828478167
2025-07-12 07:59:59.999000+00:00,22.099642828478167
2025-07-12 11:59:59.999000+00:00,22.099642828478167
2025-07-12 15:59:59.999000+00:00,22.099642828478167
2025-07-12 19:59:59.999000+00:00,22.099642828478167
2025-07-12 23:59:59.999000+00:00,22.099642828478167
2025-07-13 03:59:59.999000+00:00,22.099642828478167
2025-07-13 07:59:59.999000+00:00,22.099642828478167
2025-07-13 11:59:59.999000+00:00,22.099642828478167
2025-07-13 15:59:59.999000+00:00,22.099642828478167
2025-07-13 19:59:59.999000+00:00,22.099642828478167
2025-07-13 23:59:59.999000+00:00,22.099642828478167
2025-07-14 03:59:59.999000+00:00,22.099642828478167
2025-07-14 07:59:59.999000+00:00,22.099642828478167
2025-07-14 11:59:59.999000+00:00,22.099642828478167
2025-07-14 15:59:59.999000+00:00,22.099642828478167
2025-07-14 19:59:59.999000+00:00,22.099642828478167
2025-07-14 23:59:59.999000+00:00,22.099642828478167
2025-07-15 03:59:59.999000+00:00,22.099642828478167
2025-07-15 07:59:59.999000+00:00,22.099642828478167
2025-07-15 11:59:59.999000+00:00,22.099642828478167
2025-07-15 15:59:59.999000+00:00,22.099642828478167
2025-07-15 19:59:59.999000+00:00,22.099642828478167
2025-07-15 23:59:59.999000+00:00,22.099642828478167
2025-07-16 03:59:59.999000+00:00,22.099642828478167
2025-07-16 07:59:59.999000+00:00,22.099642828478167
2025-07-16 11:59:59.999000+00:00,22.099642828478167
2025-07-16 15:59:59.999000+00:00,22.099642828478167
2025-07-16 19:59:59.999000+00:00,22.099642828478167
2025-07-16 23:59:59.999000+00:00,22.099642828478167
2025-07-17 03:59:59.999000+00:00,22.099642828478167
2025-07-17 07:59:59.999000+00:00,22.099642828478167
2025-07-17 11:59:59.999000+00:00,22.099642828478167
2025-07-17 15:59:59.999000+00:00,22.099642828478167
2025-07-17 19:59:59.999000+00:00,22.099642828478167
2025-07-17 23:59:59.999000+00:00,22.099642828478167
2025-07-18 03:59:59.999000+00:00,22.099642828478167
2025-07-18 07:59:59.999000+00:00,22.099642828478167
2025-07-18 11:59:59.999000+00:00,22.099642828478167
2025-07-18 15:59:59.999000+00:00,22.099642828478167
2025-07-18 19:59:59.999000+00:00,22.099642828478167
2025-07-18 23:59:59.999000+00:00,22.099642828478167
2025-07-19 03:59:59.999000+00:00,22.099642828478167
2025-07-19 07:59:59.999000+00:00,22.099642828478167
2025-07-19 11:59:59.999000+00:00,22.099642828478167
2025-07-19 15:59:59.999000+00:00,22.099642828478167
2025-07-19 19:59:59.999000+00:00,22.099642828478167
2025-07-19 23:59:59.999000+00:00,22.099642828478167
2025-07-20 03:59:59.999000+00:00,22.099642828478167
2025-07-20 07:59:59.999000+00:00,22.099642828478167
2025-07-20 11:59:59.999000+00:00,22.099642828478167
2025-07-20 15:59:59.999000+00:00,22.099642828478167
2025-07-20 19:59:59.999000+00:00,22.099642828478167
2025-07-20 23:59:59.999000+00:00,22.099642828478167
2025-07-21 03:59:59.999000+00:00,22.099642828478167
2025-07-21 07:59:59.999000+00:00,22.099642828478167
2025-07-21 11:59:59.999000+00:00,22.099642828478167
2025-07-21 15:59:59.999000+00:00,22.099642828478167
2025-07-21 19:59:59.999000+00:00,22.099642828478167
2025-07-21 23:59:59.999000+00:00,22.099642828478167
2025-07-22 03:59:59.999000+00:00,22.099642828478167
2025-07-22 07:59:59.999000+00:00,22.099642828478167
2025-07-22 11:59:59.999000+00:00,22.099642828478167
2025-07-22 15:59:59.999000+00:00,22.099642828478167
2025-07-22 19:59:59.999000+00:00,22.099642828478167
2025-07-22 23:59:59.999000+00:00,22.099642828478167
2025-07-23 03:59:59.999000+00:00,22.099642828478167
2025-07-23 07:59:59.999000+00:00,22.099642828478167
2025-07-23 11:59:59.999000+00:00,22.099642828478167
2025-07-23 15:59:59.999000+00:00,22.099642828478167
2025-07-23 19:59:59.999000+00:00,22.099642828478167
2025-07-23 23:59:59.999000+00:00,22.099642828478167
2025-07-24 03:59:59.999000+00:00,22.099642828478167
2025-07-24 07:59:59.999000+00:00,22.099642828478167
2025-07-24 11:59:59.999000+00:00,22.099642828478167
2025-07-24 15:59:59.999000+00:00,22.099642828478167
2025-07-24 19:59:59.999000+00:00,22.099642828478167
2025-07-24 23:59:59.999000+00:00,22.099642828478167
2025-07-25 03:59:59.999000+00:00,22.099642828478167
2025-07-25 07:59:59.999000+00:00,22.099642828478167
2025-07-25 11:59:59.999000+00:00,22.099642828478167
2025-07-25 15:59:59.999000+00:00,22.099642828478167
2025-07-25 19:59:59.999000+00:00,22.099642828478167
2025-07-25 23:59:59.999000+00:00,22.099642828478167
2025-07-26 03:59:59.999000+00:00,22.099642828478167
2025-07-26 07:59:59.999000+00:00,22.099642828478167
2025-07-26 11:59:59.999000+00:00,22.099642828478167
2025-07-26 15:59:59.999000+00:00,22.099642828478167
2025-07-26 19:59:59.999000+00:00,22.099642828478167
2025-07-26 23:59:59.999000+00:00,22.099642828478167
2025-07-27 03:59:59.999000+00:00,22.099642828478167
2025-07-27 07:59:59.999000+00:00,22.099642828478167
2025-07-27 11:59:59.999000+00:00,22.099642828478167
2025-07-27 15:59:59.999000+00:00,22.099642828478167
2025-07-27 19:59:59.999000+00:00,22.099642828478167
2025-07-27 23:59:59.999000+00:00,22.099642828478167
2025-07-28 03:59:59.999000+00:00,22.099642828478167
2025-07-28 07:59:59.999000+00:00,22.099642828478167
2025-07-28 11:59:59.999000+00:00,22.099642828478167
2025-07-28 15:59:59.999000+00:00,22.099642828478167
2025-07-28 19:59:59.999000+00:00,22.099642828478167
2025-07-28 23:59:59.999000+00:00,22.099642828478167
2025-07-29 03:59:59.999000+00:00,22.099642828478167
2025-07-29 07:59:59.999000+00:00,22.099642828478167
2025-07-29 11:59:59.999000+00:00,22.099642828478167
2025-07-29 15:59:59.999000+00:00,22.099642828478167
2025-07-29 19:59:59.999000+00:00,22.099642828478167
2025-07-29 23:59:59.999000+00:00,22.099642828478167
2025-07-30 03:59:59.999000+00:00,22.099642828478167
2025-07-30 07:59:59.999000+00:00,22.099642828478167
2025-07-30 11:59:59.999000+00:00,22.099642828478167
2025-07-30 15:59:59.999000+00:00,22.099642828478167
2025-07-30 19:59:59.999000+00:00,22.099642828478167
2025-07-30 23:59:59.999000+00:00,22.099642828478167
2025-07-31 03:59:59.999000+00:00,22.099642828478167
2025-07-31 07:59:59.999000+00:00,22.099642828478167
2025-07-31 11:59:59.999000+00:00,22.099642828478167
2025-07-31 15:59:59.999000+00:00,22.099642828478167
2025-07-31 19:59:59.999000+00:00,22.099642828478167
2025-07-31 23:59:59.999000+00:00,22.099642828478167
2025-08-01 03:59:59.999000+00:00,22.099642828478167
2025-08-01 07:59:59.999000+00:00,22.099642828478167
2025-08-01 11:59:59.999000+00:00,22.099642828478167
2025-08-01 15:59:59.999000+00:00,22.099642828478167
2025-08-01 19:59:59.999000+00:00,22.099642828478167
2025-08-01 23:59:59.999000+00:00,22.099642828478167
2025-08-02 03:59:59.999000+00:00,22.099642828478167
2025-08-02 07:59:59.999000+00:00,22.099642828478167
2025-08-02 11:59:59.999000+00:00,22.099642828478167
2025-08-02 15:59:59.999000+00:00,22.099642828478167
2025-08-02 19:59:59.999000+00:00,22.099642828478167
2025-08-02 23:59:59.999000+00:00,22.099642828478167
2025-08-03 03:59:59.999000+00:00,22.099642828478167
2025-08-03 07:59:59.999000+00:00,22.099642828478167
2025-08-03 11:59:59.999000+00:00,22.099642828478167
2025-08-03 15:59:59.999000+00:00,22.099642828478167
2025-08-03 19:59:59.999000+00:00,22.099642828478167
2025-08-03 23:59:59.999000+00:00,22.099642828478167
2025-08-04 03:59:59.999000+00:00,22.099642828478167
2025-08-04 07:59:59.999000+00:00,22.099642828478167
2025-08-04 11:59:59.999000+00:00,22.099642828478167
2025-08-04 15:59:59.999000+00:00,22.099642828478167
2025-08-04 19:59:59.999000+00:00,22.099642828478167
2025-08-04 23:59:59.999000+00:00,22.099642828478167
2025-08-05 03:59:59.999000+00:00,22.099642828478167
2025-08-05 07:59:59.999000+00:00,22.099642828478167
2025-08-05 11:59:59.999000+00:00,22.099642828478167
2025-08-05 15:59:59.999000+00:00,22.099642828478167
2025-08-05 19:59:59.999000+00:00,22.099642828478167
2025-08-05 23:59:59.999000+00:00,22.099642828478167
2025-08-06 03:59:59.999000+00:00,22.099642828478167
2025-08-06 07:59:59.999000+00:00,22.099642828478167
2025-08-06 11:59:59.999000+00:00,22.099642828478167
2025-08-06 15:59:59.999000+00:00,22.099642828478167
2025-08-06 19:59:59.999000+00:00,22.099642828478167
2025-08-06 23:59:59.999000+00:00,22.099642828478167
2025-08-07 03:59:59.999000+00:00,22.099642828478167
2025-08-07 07:59:59.999000+00:00,22.099642828478167
2025-08-07 11:59:59.999000+00:00,22.099642828478167
2025-08-07 15:59:59.999000+00:00,22.099642828478167
2025-08-07 19:59:59.999000+00:00,22.099642828478167
2025-08-07 23:59:59.999000+00:00,22.099642828478167
2025-08-08 03:59:59.999000+00:00,22.099642828478167
2025-08-08 07:59:59.999000+00:00,22.099642828478167
2025-08-08 11:59:59.999000+00:00,22.09257463387617
2025-08-08 15:59:59.999000+00:00,22.044707233876167
2025-08-08 19:59:59.999000+00:00,22.061907633876167
2025-08-08 23:59:59.999000+00:00,22.077400733876168
2025-08-09 03:59:59.999000+00:00,22.05704963387617
2025-08-09 07:59:59.999000+00:00,22.083089633876167
2025-08-09 11:59:59.999000+00:00,22.10786893387617
2025-08-09 15:59:59.999000+00:00,22.092641833876165
2025-08-09 19:59:59.999000+00:00,22.06766723387617
2025-08-09 23:59:59.999000+00:00,22.062526433876165
2025-08-10 03:59:59.999000+00:00,22.205168933876166
2025-08-10 07:59:59.999000+00:00,22.156749933876167
2025-08-10 11:59:59.999000+00:00,22.193309533876167
2025-08-10 15:59:59.999000+00:00,22.227218933876166
2025-08-10 19:59:59.999000+00:00,22.216584533876166
2025-08-10 23:59:59.999000+00:00,22.260749633876166
2025-08-11 03:59:59.999000+00:00,22.431198233876167
2025-08-11 07:59:59.999000+00:00,22.417769433876167
2025-08-11 11:59:59.999000+00:00,22.349476733876166
2025-08-11 15:59:59.999000+00:00,22.332176933876166
2025-08-11 19:59:59.999000+00:00,22.24641993387617
2025-08-11 23:59:59.999000+00:00,22.218188933876167
2025-08-12 03:59:59.999000+00:00,22.230207933876166
2025-08-12 07:59:59.999000+00:00,22.239239333876167
2025-08-12 11:59:59.999000+00:00,22.206724333876167
2025-08-12 15:59:59.999000+00:00,22.305478933876167
2025-08-12 19:59:59.999000+00:00,22.286737833876167
2025-08-12 23:59:59.999000+00:00,22.31955453387617
2025-08-13 03:59:59.999000+00:00,22.273909633876166
2025-08-13 07:59:59.999000+00:00,22.280796933876168
2025-08-13 11:59:59.999000+00:00,22.350097633876167
2025-08-13 15:59:59.999000+00:00,22.374612333876165
2025-08-13 19:59:59.999000+00:00,22.487644294154467
2025-08-13 23:59:59.999000+00:00,22.487644294154467
2025-08-14 03:59:59.999000+00:00,22.487644294154467
2025-08-14 07:59:59.999000+00:00,22.487644294154467
2025-08-14 11:59:59.999000+00:00,22.487644294154467
2025-08-14 15:59:59.999000+00:00,22.487644294154467
2025-08-14 19:59:59.999000+00:00,22.487644294154467
2025-08-14 23:59:59.999000+00:00,22.487644294154467
2025-08-15 03:59:59.999000+00:00,22.487644294154467
2025-08-15 07:59:59.999000+00:00,22.487644294154467
2025-08-15 11:59:59.999000+00:00,22.487644294154467
2025-08-15 15:59:59.999000+00:00,22.487644294154467
2025-08-15 19:59:59.999000+00:00,22.487644294154467
2025-08-15 23:59:59.999000+00:00,22.487644294154467
2025-08-16 03:59:59.999000+00:00,22.487644294154467
2025-08-16 07:59:59.999000+00:00,22.487644294154467
2025-08-16 11:59:59.999000+00:00,22.487644294154467
2025-08-16 15:59:59.999000+00:00,22.487644294154467
2025-08-16 19:59:59.999000+00:00,22.487644294154467
2025-08-16 23:59:59.999000+00:00,22.487644294154467
2025-08-17 03:59:59.999000+00:00,22.487644294154467
2025-08-17 07:59:59.999000+00:00,22.487644294154467
2025-08-17 11:59:59.999000+00:00,22.487644294154467
2025-08-17 15:59:59.999000+00:00,22.487644294154467
2025-08-17 19:59:59.999000+00:00,22.487644294154467
2025-08-17 23:59:59.999000+00:00,22.487644294154467
2025-08-18 03:59:59.999000+00:00,22.487644294154467
2025-08-18 07:59:59.999000+00:00,22.487644294154467
2025-08-18 11:59:59.999000+00:00,22.487644294154467
2025-08-18 15:59:59.999000+00:00,22.487644294154467
2025-08-18 19:59:59.999000+00:00,22.487644294154467
2025-08-18 23:59:59.999000+00:00,22.487644294154467
2025-08-19 03:59:59.999000+00:00,22.487644294154467
2025-08-19 07:59:59.999000+00:00,22.487644294154467
2025-08-19 11:59:59.999000+00:00,22.487644294154467
2025-08-19 15:59:59.999000+00:00,22.487644294154467
2025-08-19 19:59:59.999000+00:00,22.487644294154467
2025-08-19 23:59:59.999000+00:00,22.487644294154467
2025-08-20 03:59:59.999000+00:00,22.487644294154467
2025-08-20 07:59:59.999000+00:00,22.487644294154467
2025-08-20 11:59:59.999000+00:00,22.487644294154467
2025-08-20 15:59:59.999000+00:00,22.487644294154467
2025-08-20 19:59:59.999000+00:00,22.487644294154467
2025-08-20 23:59:59.999000+00:00,22.487644294154467
2025-08-21 03:59:59.999000+00:00,22.487644294154467
2025-08-21 07:59:59.999000+00:00,22.487644294154467
2025-08-21 11:59:59.999000+00:00,22.487644294154467
2025-08-21 15:59:59.999000+00:00,22.487644294154467
2025-08-21 19:59:59.999000+00:00,22.487644294154467
2025-08-21 23:59:59.999000+00:00,22.487644294154467
2025-08-22 03:59:59.999000+00:00,22.487644294154467
2025-08-22 07:59:59.999000+00:00,22.487644294154467
2025-08-22 11:59:59.999000+00:00,22.487644294154467
2025-08-22 15:59:59.999000+00:00,22.487644294154467
2025-08-22 19:59:59.999000+00:00,22.487644294154467
2025-08-22 23:59:59.999000+00:00,22.487644294154467
2025-08-23 03:59:59.999000+00:00,22.487644294154467
2025-08-23 07:59:59.999000+00:00,22.487644294154467
2025-08-23 11:59:59.999000+00:00,22.487644294154467
2025-08-23 15:59:59.999000+00:00,22.487644294154467
2025-08-23 19:59:59.999000+00:00,22.487644294154467
2025-08-23 23:59:59.999000+00:00,22.487644294154467
2025-08-24 03:59:59.999000+00:00,22.487644294154467
2025-08-24 07:59:59.999000+00:00,22.487644294154467
2025-08-24 11:59:59.999000+00:00,22.487644294154467
2025-08-24 15:59:59.999000+00:00,22.487644294154467
2025-08-24 19:59:59.999000+00:00,22.487644294154467
2025-08-24 23:59:59.999000+00:00,22.487644294154467
2025-08-25 03:59:59.999000+00:00,22.487644294154467
2025-08-25 07:59:59.999000+00:00,22.487644294154467
2025-08-25 11:59:59.999000+00:00,22.487644294154467
2025-08-25 15:59:59.999000+00:00,22.487644294154467
2025-08-25 19:59:59.999000+00:00,22.487644294154467
2025-08-25 23:59:59.999000+00:00,22.487644294154467
2025-08-26 03:59:59.999000+00:00,22.487644294154467
2025-08-26 07:59:59.999000+00:00,22.487644294154467
2025-08-26 11:59:59.999000+00:00,22.487644294154467
2025-08-26 15:59:59.999000+00:00,22.487644294154467
2025-08-26 19:59:59.999000+00:00,22.487644294154467
2025-08-26 23:59:59.999000+00:00,22.487644294154467
2025-08-27 03:59:59.999000+00:00,22.487644294154467
2025-08-27 07:59:59.999000+00:00,22.487644294154467
2025-08-27 11:59:59.999000+00:00,22.487644294154467
2025-08-27 15:59:59.999000+00:00,22.487644294154467
2025-08-27 19:59:59.999000+00:00,22.487644294154467
2025-08-27 23:59:59.999000+00:00,22.487644294154467
2025-08-28 03:59:59.999000+00:00,22.487644294154467
2025-08-28 07:59:59.999000+00:00,22.487644294154467
2025-08-28 11:59:59.999000+00:00,22.487644294154467
2025-08-28 15:59:59.999000+00:00,22.487644294154467
2025-08-28 19:59:59.999000+00:00,22.487644294154467
2025-08-28 23:59:59.999000+00:00,22.487644294154467
2025-08-29 03:59:59.999000+00:00,22.487644294154467
2025-08-29 07:59:59.999000+00:00,22.487644294154467
2025-08-29 11:59:59.999000+00:00,22.487644294154467
2025-08-29 15:59:59.999000+00:00,22.487644294154467
2025-08-29 19:59:59.999000+00:00,22.487644294154467
2025-08-29 23:59:59.999000+00:00,22.487644294154467
2025-08-30 03:59:59.999000+00:00,22.487644294154467
2025-08-30 07:59:59.999000+00:00,22.487644294154467
2025-08-30 11:59:59.999000+00:00,22.487644294154467
2025-08-30 15:59:59.999000+00:00,22.487644294154467
2025-08-30 19:59:59.999000+00:00,22.487644294154467
2025-08-30 23:59:59.999000+00:00,22.487644294154467
2025-08-31 03:59:59.999000+00:00,22.487644294154467
2025-08-31 07:59:59.999000+00:00,22.487644294154467
2025-08-31 11:59:59.999000+00:00,22.487644294154467
2025-08-31 15:59:59.999000+00:00,22.487644294154467
2025-08-31 19:59:59.999000+00:00,22.487644294154467
2025-08-31 23:59:59.999000+00:00,22.487644294154467
2025-09-01 03:59:59.999000+00:00,22.487644294154467
2025-09-01 07:59:59.999000+00:00,22.487644294154467
2025-09-01 11:59:59.999000+00:00,22.487644294154467
2025-09-01 15:59:59.999000+00:00,22.487644294154467
2025-09-01 19:59:59.999000+00:00,22.487644294154467
2025-09-01 23:59:59.999000+00:00,22.487644294154467
2025-09-02 03:59:59.999000+00:00,22.487644294154467
2025-09-02 07:59:59.999000+00:00,22.487644294154467
2025-09-02 11:59:59.999000+00:00,22.487644294154467
2025-09-02 15:59:59.999000+00:00,22.487644294154467
2025-09-02 19:59:59.999000+00:00,22.487644294154467
2025-09-02 23:59:59.999000+00:00,22.487644294154467
2025-09-03 03:59:59.999000+00:00,22.487644294154467
2025-09-03 07:59:59.999000+00:00,22.487644294154467
2025-09-03 11:59:59.999000+00:00,22.487644294154467
2025-09-03 15:59:59.999000+00:00,22.487644294154467
2025-09-03 19:59:59.999000+00:00,22.487644294154467
2025-09-03 23:59:59.999000+00:00,22.487644294154467
2025-09-04 03:59:59.999000+00:00,22.487644294154467
2025-09-04 07:59:59.999000+00:00,22.487644294154467
2025-09-04 11:59:59.999000+00:00,22.487644294154467
2025-09-04 15:59:59.999000+00:00,22.487644294154467
2025-09-04 19:59:59.999000+00:00,22.487644294154467
2025-09-04 23:59:59.999000+00:00,22.487644294154467
2025-09-05 03:59:59.999000+00:00,22.487644294154467
2025-09-05 07:59:59.999000+00:00,22.487644294154467
2025-09-05 11:59:59.999000+00:00,22.487644294154467
2025-09-05 15:59:59.999000+00:00,22.34318291999447
2025-09-05 19:59:59.999000+00:00,22.415000519994464
2025-09-05 23:59:59.999000+00:00,22.338636519994466
2025-09-06 03:59:59.999000+00:00,22.37241491999447
2025-09-06 07:59:59.999000+00:00,22.351885319994466
2025-09-06 11:59:59.999000+00:00,22.34831891999447
2025-09-06 15:59:59.999000+00:00,22.316569319994468
2025-09-06 19:59:59.999000+00:00,22.303328436160868
2025-09-06 23:59:59.999000+00:00,22.303328436160868
2025-09-07 03:59:59.999000+00:00,22.303328436160868
2025-09-07 07:59:59.999000+00:00,22.303328436160868
2025-09-07 11:59:59.999000+00:00,22.303328436160868
2025-09-07 15:59:59.999000+00:00,22.303328436160868
2025-09-07 19:59:59.999000+00:00,22.303328436160868
2025-09-07 23:59:59.999000+00:00,22.280160786961268
2025-09-08 03:59:59.999000+00:00,22.273342386961268
2025-09-08 07:59:59.999000+00:00,22.291604786961265
2025-09-08 11:59:59.999000+00:00,22.353367986961267
2025-09-08 15:59:59.999000+00:00,22.39971358696127
2025-09-08 19:59:59.999000+00:00,22.356958386961267
2025-09-08 23:59:59.999000+00:00,22.354391986961268
2025-09-09 03:59:59.999000+00:00,22.325813586961267
2025-09-09 07:59:59.999000+00:00,22.428462386961268
2025-09-09 11:59:59.999000+00:00,22.383860786961268
2025-09-09 15:59:59.999000+00:00,22.259634386961267
2025-09-09 19:59:59.999000+00:00,22.29329598696127
2025-09-09 23:59:59.999000+00:00,22.31288478696127
2025-09-10 03:59:59.999000+00:00,22.31284398696127
2025-09-10 07:59:59.999000+00:00,22.393465586961266
2025-09-10 11:59:59.999000+00:00,22.37317278696127
2025-09-10 15:59:59.999000+00:00,22.497492786961267
2025-09-10 19:59:59.999000+00:00,22.475135186961268
2025-09-10 23:59:59.999000+00:00,22.505973586961268
2025-09-11 03:59:59.999000+00:00,22.541174386961266
2025-09-11 07:59:59.999000+00:00,22.515859986961267
2025-09-11 11:59:59.999000+00:00,22.509172786961265
2025-09-11 15:59:59.999000+00:00,22.523598386961268
2025-09-11 19:59:59.999000+00:00,22.542772786961265
2025-09-11 23:59:59.999000+00:00,22.62778878696127
2025-09-12 03:59:59.999000+00:00,22.604704786961268
2025-09-12 07:59:59.999000+00:00,22.59610958696127
2025-09-12 11:59:59.999000+00:00,22.582249586961268
2025-09-12 15:59:59.999000+00:00,22.598867986961267
2025-09-12 19:59:59.999000+00:00,22.71977438696127
2025-09-12 23:59:59.999000+00:00,22.671527186961267
2025-09-13 03:59:59.999000+00:00,22.665733586961267
2025-09-13 07:59:59.999000+00:00,22.651470386961268
2025-09-13 11:59:59.999000+00:00,22.667102386961268
2025-09-13 15:59:59.999000+00:00,22.650667986961267
2025-09-13 19:59:59.999000+00:00,22.652943186961267
2025-09-13 23:59:59.999000+00:00,22.662636786961265
2025-09-14 03:59:59.999000+00:00,22.64357198696127
2025-09-14 07:59:59.999000+00:00,22.653604786961267
2025-09-14 11:59:59.999000+00:00,22.652766386961268
2025-09-14 15:59:59.999000+00:00,22.607094386961265
2025-09-14 19:59:59.999000+00:00,22.639972786961266
2025-09-14 23:59:59.999000+00:00,22.610614386961267
2025-09-15 03:59:59.999000+00:00,22.62480958696127
2025-09-15 07:59:59.999000+00:00,22.653703186961266
2025-09-15 11:59:59.999000+00:00,22.594773586961267
2025-09-15 15:59:59.999000+00:00,22.576605586961268
2025-09-15 19:59:59.999000+00:00,22.613795986961268
2025-09-15 23:59:59.999000+00:00,22.617150386961267
2025-09-16 03:59:59.999000+00:00,22.613753586961266
2025-09-16 07:59:59.999000+00:00,22.656373586961266
2025-09-16 11:59:59.999000+00:00,22.612199986961265
2025-09-16 15:59:59.999000+00:00,22.661643986961266
2025-09-16 19:59:59.999000+00:00,22.733183186961266
2025-09-16 23:59:59.999000+00:00,22.72566449421727
2025-09-17 03:59:59.999000+00:00,22.72566449421727
2025-09-17 07:59:59.999000+00:00,22.72566449421727
2025-09-17 11:59:59.999000+00:00,22.72566449421727
2025-09-17 15:59:59.999000+00:00,22.72566449421727
2025-09-17 19:59:59.999000+00:00,22.72566449421727
2025-09-17 23:59:59.999000+00:00,22.72566449421727
2025-09-18 03:59:59.999000+00:00,22.72566449421727
2025-09-18 07:59:59.999000+00:00,22.72566449421727
2025-09-18 11:59:59.999000+00:00,22.72566449421727
2025-09-18 15:59:59.999000+00:00,22.72566449421727
2025-09-18 19:59:59.999000+00:00,22.72566449421727
2025-09-18 23:59:59.999000+00:00,22.72566449421727
2025-09-19 03:59:59.999000+00:00,22.72566449421727
2025-09-19 07:59:59.999000+00:00,22.72566449421727
2025-09-19 11:59:59.999000+00:00,22.72566449421727
2025-09-19 15:59:59.999000+00:00,22.72566449421727
2025-09-19 19:59:59.999000+00:00,22.72566449421727
2025-09-19 23:59:59.999000+00:00,22.72566449421727
2025-09-20 03:59:59.999000+00:00,22.72566449421727
2025-09-20 07:59:59.999000+00:00,22.72566449421727
2025-09-20 11:59:59.999000+00:00,22.72566449421727
2025-09-20 15:59:59.999000+00:00,22.72566449421727
2025-09-20 19:59:59.999000+00:00,22.72566449421727
2025-09-20 23:59:59.999000+00:00,22.72566449421727
2025-09-21 03:59:59.999000+00:00,22.72566449421727
2025-09-21 07:59:59.999000+00:00,22.72566449421727
2025-09-21 11:59:59.999000+00:00,22.72566449421727
2025-09-21 15:59:59.999000+00:00,22.72566449421727
2025-09-21 19:59:59.999000+00:00,22.72566449421727
2025-09-21 23:59:59.999000+00:00,22.72566449421727
2025-09-22 03:59:59.999000+00:00,22.72566449421727
2025-09-22 07:59:59.999000+00:00,22.72566449421727
2025-09-22 11:59:59.999000+00:00,22.72566449421727
2025-09-22 15:59:59.999000+00:00,22.72566449421727
2025-09-22 19:59:59.999000+00:00,22.72566449421727
2025-09-22 23:59:59.999000+00:00,22.72566449421727
2025-09-23 03:59:59.999000+00:00,22.72566449421727
2025-09-23 07:59:59.999000+00:00,22.72566449421727
2025-09-23 11:59:59.999000+00:00,22.72566449421727
2025-09-23 15:59:59.999000+00:00,22.72566449421727
2025-09-23 19:59:59.999000+00:00,22.72566449421727
2025-09-23 23:59:59.999000+00:00,22.72566449421727
2025-09-24 03:59:59.999000+00:00,22.72566449421727
2025-09-24 07:59:59.999000+00:00,22.72566449421727
2025-09-24 11:59:59.999000+00:00,22.72566449421727
2025-09-24 15:59:59.999000+00:00,22.72566449421727
2025-09-24 19:59:59.999000+00:00,22.72566449421727
2025-09-24 23:59:59.999000+00:00,22.72566449421727
2025-09-25 03:59:59.999000+00:00,22.72566449421727
2025-09-25 07:59:59.999000+00:00,22.72566449421727
2025-09-25 11:59:59.999000+00:00,22.72566449421727
2025-09-25 15:59:59.999000+00:00,22.72566449421727
2025-09-25 19:59:59.999000+00:00,22.72566449421727
2025-09-25 23:59:59.999000+00:00,22.72566449421727
2025-09-26 03:59:59.999000+00:00,22.72566449421727
2025-09-26 07:59:59.999000+00:00,22.72566449421727
2025-09-26 11:59:59.999000+00:00,22.72566449421727
2025-09-26 15:59:59.999000+00:00,22.72566449421727
2025-09-26 19:59:59.999000+00:00,22.72566449421727
2025-09-26 23:59:59.999000+00:00,22.72566449421727
2025-09-27 03:59:59.999000+00:00,22.72566449421727
2025-09-27 07:59:59.999000+00:00,22.72566449421727
2025-09-27 11:59:59.999000+00:00,22.72566449421727
2025-09-27 15:59:59.999000+00:00,22.72566449421727
2025-09-27 19:59:59.999000+00:00,22.72566449421727
2025-09-27 23:59:59.999000+00:00,22.72566449421727
2025-09-28 03:59:59.999000+00:00,22.72566449421727
2025-09-28 07:59:59.999000+00:00,22.72566449421727
2025-09-28 11:59:59.999000+00:00,22.72566449421727
2025-09-28 15:59:59.999000+00:00,22.72566449421727
2025-09-28 19:59:59.999000+00:00,22.72566449421727
2025-09-28 23:59:59.999000+00:00,22.72566449421727
2025-09-29 03:59:59.999000+00:00,22.72566449421727
2025-09-29 07:59:59.999000+00:00,22.72566449421727
2025-09-29 11:59:59.999000+00:00,22.72566449421727
2025-09-29 15:59:59.999000+00:00,22.72566449421727
2025-09-29 19:59:59.999000+00:00,22.72566449421727
2025-09-29 23:59:59.999000+00:00,22.72566449421727
2025-09-30 03:59:59.999000+00:00,22.72566449421727
2025-09-30 07:59:59.999000+00:00,22.72566449421727
2025-09-30 11:59:59.999000+00:00,22.72566449421727
2025-09-30 15:59:59.999000+00:00,22.72566449421727
2025-09-30 19:59:59.999000+00:00,22.72566449421727
2025-09-30 23:59:59.999000+00:00,22.72566449421727
2025-10-01 03:59:59.999000+00:00,22.72566449421727
2025-10-01 07:59:59.999000+00:00,22.72566449421727
2025-10-01 11:59:59.999000+00:00,22.72566449421727
2025-10-01 15:59:59.999000+00:00,22.72566449421727
2025-10-01 19:59:59.999000+00:00,22.72566449421727
2025-10-01 23:59:59.999000+00:00,22.72566449421727
2025-10-02 03:59:59.999000+00:00,22.72566449421727
2025-10-02 07:59:59.999000+00:00,22.72566449421727
2025-10-02 11:59:59.999000+00:00,22.72566449421727
2025-10-02 15:59:59.999000+00:00,22.72566449421727
2025-10-02 19:59:59.999000+00:00,22.72566449421727
2025-10-02 23:59:59.999000+00:00,22.72566449421727
2025-10-03 03:59:59.999000+00:00,22.72566449421727
2025-10-03 07:59:59.999000+00:00,22.72566449421727
2025-10-03 11:59:59.999000+00:00,22.72566449421727
2025-10-03 15:59:59.999000+00:00,22.72566449421727
2025-10-03 19:59:59.999000+00:00,22.72566449421727
2025-10-03 23:59:59.999000+00:00,22.72566449421727
2025-10-04 03:59:59.999000+00:00,22.72566449421727
2025-10-04 07:59:59.999000+00:00,22.72566449421727
2025-10-04 11:59:59.999000+00:00,22.72566449421727
2025-10-04 15:59:59.999000+00:00,22.72566449421727
2025-10-04 19:59:59.999000+00:00,22.72566449421727
2025-10-04 23:59:59.999000+00:00,22.72566449421727
2025-10-05 03:59:59.999000+00:00,22.72566449421727
2025-10-05 07:59:59.999000+00:00,22.72566449421727
2025-10-05 11:59:59.999000+00:00,22.72566449421727
2025-10-05 15:59:59.999000+00:00,22.72566449421727
2025-10-05 19:59:59.999000+00:00,22.72566449421727
2025-10-05 23:59:59.999000+00:00,22.72566449421727
2025-10-06 03:59:59.999000+00:00,22.72566449421727
2025-10-06 07:59:59.999000+00:00,22.72566449421727
2025-10-06 11:59:59.999000+00:00,22.72566449421727
2025-10-06 15:59:59.999000+00:00,22.72566449421727
2025-10-06 19:59:59.999000+00:00,22.72566449421727
2025-10-06 23:59:59.999000+00:00,22.72566449421727
2025-10-07 03:59:59.999000+00:00,22.72566449421727
2025-10-07 07:59:59.999000+00:00,22.72566449421727
2025-10-07 11:59:59.999000+00:00,22.72566449421727
2025-10-07 15:59:59.999000+00:00,22.72566449421727
2025-10-07 19:59:59.999000+00:00,22.72566449421727
2025-10-07 23:59:59.999000+00:00,22.72566449421727
2025-10-08 03:59:59.999000+00:00,22.72566449421727
2025-10-08 07:59:59.999000+00:00,22.72566449421727
2025-10-08 11:59:59.999000+00:00,22.72566449421727
2025-10-08 15:59:59.999000+00:00,22.72566449421727
2025-10-08 19:59:59.999000+00:00,22.72566449421727
2025-10-08 23:59:59.999000+00:00,22.72566449421727
2025-10-09 03:59:59.999000+00:00,22.72566449421727
2025-10-09 07:59:59.999000+00:00,22.72566449421727
2025-10-09 11:59:59.999000+00:00,22.72566449421727
2025-10-09 15:59:59.999000+00:00,22.72566449421727
2025-10-09 19:59:59.999000+00:00,22.72566449421727
2025-10-09 23:59:59.999000+00:00,22.72566449421727
2025-10-10 03:59:59.999000+00:00,22.72566449421727
2025-10-10 07:59:59.999000+00:00,22.72566449421727
2025-10-10 11:59:59.999000+00:00,22.72566449421727
2025-10-10 15:59:59.999000+00:00,22.72566449421727
2025-10-10 19:59:59.999000+00:00,22.72566449421727
2025-10-10 23:59:59.999000+00:00,22.72566449421727
2025-10-11 03:59:59.999000+00:00,22.72566449421727
2025-10-11 07:59:59.999000+00:00,22.72566449421727
2025-10-11 11:59:59.999000+00:00,22.72566449421727
2025-10-11 15:59:59.999000+00:00,22.72566449421727
2025-10-11 19:59:59.999000+00:00,22.72566449421727
2025-10-11 23:59:59.999000+00:00,22.72566449421727
2025-10-12 03:59:59.999000+00:00,22.72566449421727
2025-10-12 07:59:59.999000+00:00,22.72566449421727
2025-10-12 11:59:59.999000+00:00,22.72566449421727
2025-10-12 15:59:59.999000+00:00,22.72566449421727
2025-10-12 19:59:59.999000+00:00,22.72566449421727
2025-10-12 23:59:59.999000+00:00,22.72566449421727
2025-10-13 03:59:59.999000+00:00,22.72566449421727
2025-10-13 07:59:59.999000+00:00,22.72566449421727
2025-10-13 11:59:59.999000+00:00,22.72566449421727
2025-10-13 15:59:59.999000+00:00,22.72566449421727
2025-10-13 19:59:59.999000+00:00,22.72566449421727
2025-10-13 23:59:59.999000+00:00,22.72566449421727
2025-10-14 03:59:59.999000+00:00,22.72566449421727
2025-10-14 07:59:59.999000+00:00,22.72566449421727
2025-10-14 11:59:59.999000+00:00,22.72566449421727
2025-10-14 15:59:59.999000+00:00,22.72566449421727
2025-10-14 19:59:59.999000+00:00,22.72566449421727
2025-10-14 23:59:59.999000+00:00,22.72566449421727
2025-10-15 03:59:59.999000+00:00,22.72566449421727
2025-10-15 07:59:59.999000+00:00,22.72566449421727
2025-10-15 11:59:59.999000+00:00,22.72566449421727
2025-10-15 15:59:59.999000+00:00,22.72566449421727
2025-10-15 19:59:59.999000+00:00,22.72566449421727
2025-10-15 23:59:59.999000+00:00,22.72566449421727
2025-10-16 03:59:59.999000+00:00,22.72566449421727
2025-10-16 07:59:59.999000+00:00,22.72566449421727
2025-10-16 11:59:59.999000+00:00,22.72566449421727
2025-10-16 15:59:59.999000+00:00,22.72566449421727
2025-10-16 19:59:59.999000+00:00,22.72566449421727
2025-10-16 23:59:59.999000+00:00,22.72566449421727
2025-10-17 03:59:59.999000+00:00,22.72566449421727
2025-10-17 07:59:59.999000+00:00,22.72566449421727
2025-10-17 11:59:59.999000+00:00,22.72566449421727
2025-10-17 15:59:59.999000+00:00,22.72566449421727
2025-10-17 19:59:59.999000+00:00,22.72566449421727
2025-10-17 23:59:59.999000+00:00,22.72566449421727
2025-10-18 03:59:59.999000+00:00,22.72566449421727
2025-10-18 07:59:59.999000+00:00,22.72566449421727
2025-10-18 11:59:59.999000+00:00,22.72566449421727
2025-10-18 15:59:59.999000+00:00,22.72566449421727
2025-10-18 19:59:59.999000+00:00,22.72566449421727
2025-10-18 23:59:59.999000+00:00,22.72566449421727
2025-10-19 03:59:59.999000+00:00,22.72566449421727
2025-10-19 07:59:59.999000+00:00,22.72566449421727
2025-10-19 11:59:59.999000+00:00,22.72566449421727
2025-10-19 15:59:59.999000+00:00,22.72566449421727
2025-10-19 19:59:59.999000+00:00,22.72566449421727
2025-10-19 23:59:59.999000+00:00,22.72566449421727
2025-10-20 03:59:59.999000+00:00,22.72566449421727
2025-10-20 07:59:59.999000+00:00,22.72566449421727
2025-10-20 11:59:59.999000+00:00,22.72566449421727
2025-10-20 15:59:59.999000+00:00,22.72566449421727
2025-10-20 19:59:59.999000+00:00,22.72566449421727
2025-10-20 23:59:59.999000+00:00,22.72566449421727
2025-10-21 03:59:59.999000+00:00,22.72566449421727
2025-10-21 07:59:59.999000+00:00,22.72566449421727
2025-10-21 11:59:59.999000+00:00,22.72566449421727
2025-10-21 15:59:59.999000+00:00,22.72566449421727
2025-10-21 19:59:59.999000+00:00,22.72566449421727
2025-10-21 23:59:59.999000+00:00,22.72566449421727
2025-10-22 03:59:59.999000+00:00,22.72566449421727
2025-10-22 07:59:59.999000+00:00,22.72566449421727
2025-10-22 11:59:59.999000+00:00,22.72566449421727
2025-10-22 15:59:59.999000+00:00,22.72566449421727
2025-10-22 19:59:59.999000+00:00,22.72566449421727
2025-10-22 23:59:59.999000+00:00,22.72566449421727
2025-10-23 03:59:59.999000+00:00,22.72566449421727
2025-10-23 07:59:59.999000+00:00,22.72566449421727
2025-10-23 11:59:59.999000+00:00,22.72566449421727
2025-10-23 15:59:59.999000+00:00,22.72566449421727
2025-10-23 19:59:59.999000+00:00,22.72566449421727
2025-10-23 23:59:59.999000+00:00,22.72566449421727
2025-10-24 03:59:59.999000+00:00,22.72566449421727
2025-10-24 07:59:59.999000+00:00,22.72566449421727
2025-10-24 11:59:59.999000+00:00,22.72566449421727
2025-10-24 15:59:59.999000+00:00,22.72566449421727
2025-10-24 19:59:59.999000+00:00,22.72566449421727
2025-10-24 23:59:59.999000+00:00,22.72566449421727
2025-10-25 03:59:59.999000+00:00,22.72566449421727
2025-10-25 07:59:59.999000+00:00,22.72566449421727
2025-10-25 11:59:59.999000+00:00,22.72566449421727
2025-10-25 15:59:59.999000+00:00,22.72566449421727
2025-10-25 19:59:59.999000+00:00,22.72566449421727
2025-10-25 23:59:59.999000+00:00,22.72566449421727
2025-10-26 03:59:59.999000+00:00,22.72566449421727
2025-10-26 07:59:59.999000+00:00,22.72566449421727
2025-10-26 11:59:59.999000+00:00,22.72566449421727
2025-10-26 15:59:59.999000+00:00,22.72566449421727
2025-10-26 19:59:59.999000+00:00,22.72566449421727
2025-10-26 23:59:59.999000+00:00,22.72566449421727
2025-10-27 03:59:59.999000+00:00,22.72566449421727
2025-10-27 07:59:59.999000+00:00,22.72566449421727
2025-10-27 11:59:59.999000+00:00,22.72566449421727
2025-10-27 15:59:59.999000+00:00,22.72566449421727
2025-10-27 19:59:59.999000+00:00,22.72566449421727
2025-10-27 23:59:59.999000+00:00,22.72566449421727
2025-10-28 03:59:59.999000+00:00,22.72566449421727
2025-10-28 07:59:59.999000+00:00,22.72566449421727
2025-10-28 11:59:59.999000+00:00,22.72566449421727
2025-10-28 15:59:59.999000+00:00,22.72566449421727
2025-10-28 19:59:59.999000+00:00,22.72566449421727
2025-10-28 23:59:59.999000+00:00,22.72566449421727
2025-10-29 03:59:59.999000+00:00,22.72566449421727
2025-10-29 07:59:59.999000+00:00,22.72566449421727
2025-10-29 11:59:59.999000+00:00,22.72566449421727
2025-10-29 15:59:59.999000+00:00,22.72566449421727
2025-10-29 19:59:59.999000+00:00,22.72566449421727
2025-10-29 23:59:59.999000+00:00,22.72566449421727
2025-10-30 03:59:59.999000+00:00,22.72566449421727
2025-10-30 07:59:59.999000+00:00,22.72566449421727
2025-10-30 11:59:59.999000+00:00,22.72566449421727
2025-10-30 15:59:59.999000+00:00,22.72566449421727
2025-10-30 19:59:59.999000+00:00,22.72566449421727
2025-10-30 23:59:59.999000+00:00,22.72566449421727
2025-10-31 03:59:59.999000+00:00,22.72566449421727
2025-10-31 07:59:59.999000+00:00,22.72566449421727
2025-10-31 11:59:59.999000+00:00,22.72566449421727
2025-10-31 15:59:59.999000+00:00,22.72566449421727
2025-10-31 19:59:59.999000+00:00,22.72566449421727
2025-10-31 23:59:59.999000+00:00,22.72566449421727
2025-11-01 03:59:59.999000+00:00,22.72566449421727
2025-11-01 07:59:59.999000+00:00,22.72566449421727
2025-11-01 11:59:59.999000+00:00,22.72566449421727
2025-11-01 15:59:59.999000+00:00,22.72566449421727
2025-11-01 19:59:59.999000+00:00,22.72566449421727
2025-11-01 23:59:59.999000+00:00,22.72566449421727
2025-11-02 03:59:59.999000+00:00,22.72566449421727
2025-11-02 07:59:59.999000+00:00,22.72566449421727
2025-11-02 11:59:59.999000+00:00,22.72566449421727
2025-11-02 15:59:59.999000+00:00,22.72566449421727
2025-11-02 19:59:59.999000+00:00,22.72566449421727
2025-11-02 23:59:59.999000+00:00,22.72566449421727
2025-11-03 03:59:59.999000+00:00,22.72566449421727
2025-11-03 07:59:59.999000+00:00,22.72566449421727
2025-11-03 11:59:59.999000+00:00,22.72566449421727
2025-11-03 15:59:59.999000+00:00,22.72566449421727
2025-11-03 19:59:59.999000+00:00,22.72566449421727
2025-11-03 23:59:59.999000+00:00,22.72566449421727
2025-11-04 03:59:59.999000+00:00,22.72566449421727
2025-11-04 07:59:59.999000+00:00,22.72566449421727
2025-11-04 11:59:59.999000+00:00,22.72566449421727
2025-11-04 15:59:59.999000+00:00,22.72566449421727
2025-11-04 19:59:59.999000+00:00,22.72566449421727
2025-11-04 23:59:59.999000+00:00,22.72566449421727
2025-11-05 03:59:59.999000+00:00,22.72566449421727
2025-11-05 07:59:59.999000+00:00,22.72566449421727
2025-11-05 11:59:59.999000+00:00,22.72566449421727
2025-11-05 15:59:59.999000+00:00,22.72566449421727
2025-11-05 19:59:59.999000+00:00,22.72566449421727
2025-11-05 23:59:59.999000+00:00,22.72566449421727
2025-11-06 03:59:59.999000+00:00,22.72566449421727
2025-11-06 07:59:59.999000+00:00,22.72566449421727
2025-11-06 11:59:59.999000+00:00,22.72566449421727
2025-11-06 15:59:59.999000+00:00,22.72566449421727
2025-11-06 19:59:59.999000+00:00,22.72566449421727
2025-11-06 23:59:59.999000+00:00,22.72566449421727
2025-11-07 03:59:59.999000+00:00,22.72566449421727
2025-11-07 07:59:59.999000+00:00,22.72566449421727
2025-11-07 11:59:59.999000+00:00,22.72566449421727
2025-11-07 15:59:59.999000+00:00,22.72566449421727
2025-11-07 19:59:59.999000+00:00,22.72566449421727
2025-11-07 23:59:59.999000+00:00,22.72566449421727
2025-11-08 03:59:59.999000+00:00,22.72566449421727
2025-11-08 07:59:59.999000+00:00,22.72566449421727
2025-11-08 11:59:59.999000+00:00,22.72566449421727
2025-11-08 15:59:59.999000+00:00,22.72566449421727
2025-11-08 19:59:59.999000+00:00,22.72566449421727
2025-11-08 23:59:59.999000+00:00,22.72566449421727
2025-11-09 03:59:59.999000+00:00,22.72566449421727
2025-11-09 07:59:59.999000+00:00,22.72566449421727
2025-11-09 11:59:59.999000+00:00,22.72566449421727
2025-11-09 15:59:59.999000+00:00,22.72566449421727
2025-11-09 19:59:59.999000+00:00,22.72566449421727
2025-11-09 23:59:59.999000+00:00,22.72566449421727
2025-11-10 03:59:59.999000+00:00,22.72566449421727
2025-11-10 07:59:59.999000+00:00,22.72566449421727
2025-11-10 11:59:59.999000+00:00,22.72566449421727
2025-11-10 15:59:59.999000+00:00,22.72566449421727
2025-11-10 19:59:59.999000+00:00,22.72566449421727
2025-11-10 23:59:59.999000+00:00,22.72566449421727
2025-11-11 03:59:59.999000+00:00,22.72566449421727
2025-11-11 07:59:59.999000+00:00,22.72566449421727
2025-11-11 11:59:59.999000+00:00,22.72566449421727
2025-11-11 15:59:59.999000+00:00,22.72566449421727
2025-11-11 19:59:59.999000+00:00,22.72566449421727
2025-11-11 23:59:59.999000+00:00,22.72566449421727
2025-11-12 03:59:59.999000+00:00,22.72566449421727
2025-11-12 07:59:59.999000+00:00,22.72566449421727
2025-11-12 11:59:59.999000+00:00,22.72566449421727
2025-11-12 15:59:59.999000+00:00,22.72566449421727
2025-11-12 19:59:59.999000+00:00,22.72566449421727
2025-11-12 23:59:59.999000+00:00,22.72566449421727
2025-11-13 03:59:59.999000+00:00,22.72566449421727
2025-11-13 07:59:59.999000+00:00,22.72566449421727
2025-11-13 11:59:59.999000+00:00,22.72566449421727
2025-11-13 15:59:59.999000+00:00,22.72566449421727
2025-11-13 19:59:59.999000+00:00,22.72566449421727
2025-11-13 23:59:59.999000+00:00,22.72566449421727
2025-11-14 03:59:59.999000+00:00,22.72566449421727
2025-11-14 07:59:59.999000+00:00,22.72566449421727
2025-11-14 11:59:59.999000+00:00,22.72566449421727
2025-11-14 15:59:59.999000+00:00,22.72566449421727
2025-11-14 19:59:59.999000+00:00,22.72566449421727
2025-11-14 23:59:59.999000+00:00,22.72566449421727
2025-11-15 03:59:59.999000+00:00,22.72566449421727
2025-11-15 07:59:59.999000+00:00,22.72566449421727
2025-11-15 11:59:59.999000+00:00,22.72566449421727
2025-11-15 15:59:59.999000+00:00,22.72566449421727
2025-11-15 19:59:59.999000+00:00,22.72566449421727
2025-11-15 23:59:59.999000+00:00,22.72566449421727
2025-11-16 03:59:59.999000+00:00,22.72566449421727
2025-11-16 07:59:59.999000+00:00,22.72566449421727
2025-11-16 11:59:59.999000+00:00,22.72566449421727
2025-11-16 15:59:59.999000+00:00,22.72566449421727
2025-11-16 19:59:59.999000+00:00,22.72566449421727
2025-11-16 23:59:59.999000+00:00,22.72566449421727
2025-11-17 03:59:59.999000+00:00,22.72566449421727
2025-11-17 07:59:59.999000+00:00,22.72566449421727
2025-11-17 11:59:59.999000+00:00,22.72566449421727
2025-11-17 15:59:59.999000+00:00,22.72566449421727
2025-11-17 19:59:59.999000+00:00,22.72566449421727
2025-11-17 23:59:59.999000+00:00,22.72566449421727
2025-11-18 03:59:59.999000+00:00,22.72566449421727
2025-11-18 07:59:59.999000+00:00,22.72566449421727
2025-11-18 11:59:59.999000+00:00,22.72566449421727
2025-11-18 15:59:59.999000+00:00,22.72566449421727
2025-11-18 19:59:59.999000+00:00,22.72566449421727
2025-11-18 23:59:59.999000+00:00,22.72566449421727
2025-11-19 03:59:59.999000+00:00,22.72566449421727
2025-11-19 07:59:59.999000+00:00,22.72566449421727
2025-11-19 11:59:59.999000+00:00,22.72566449421727
2025-11-19 15:59:59.999000+00:00,22.72566449421727
2025-11-19 19:59:59.999000+00:00,22.72566449421727
2025-11-19 23:59:59.999000+00:00,22.72566449421727
2025-11-20 03:59:59.999000+00:00,22.72566449421727
2025-11-20 07:59:59.999000+00:00,22.72566449421727
2025-11-20 11:59:59.999000+00:00,22.72566449421727
2025-11-20 15:59:59.999000+00:00,22.72566449421727
2025-11-20 19:59:59.999000+00:00,22.72566449421727
2025-11-20 23:59:59.999000+00:00,22.72566449421727
2025-11-21 03:59:59.999000+00:00,22.72566449421727
2025-11-21 07:59:59.999000+00:00,22.72566449421727
2025-11-21 11:59:59.999000+00:00,22.72566449421727
2025-11-21 15:59:59.999000+00:00,22.72566449421727
2025-11-21 19:59:59.999000+00:00,22.72566449421727
2025-11-21 23:59:59.999000+00:00,22.72566449421727
2025-11-22 03:59:59.999000+00:00,22.72566449421727
2025-11-22 07:59:59.999000+00:00,22.72566449421727
2025-11-22 11:59:59.999000+00:00,22.72566449421727
2025-11-22 15:59:59.999000+00:00,22.72566449421727
2025-11-22 19:59:59.999000+00:00,22.72566449421727
2025-11-22 23:59:59.999000+00:00,22.72566449421727
2025-11-23 03:59:59.999000+00:00,22.72566449421727
2025-11-23 07:59:59.999000+00:00,22.72566449421727
2025-11-23 11:59:59.999000+00:00,22.72566449421727
2025-11-23 15:59:59.999000+00:00,22.72566449421727
2025-11-23 19:59:59.999000+00:00,22.72566449421727
2025-11-23 23:59:59.999000+00:00,22.72566449421727
2025-11-24 03:59:59.999000+00:00,22.72566449421727
2025-11-24 07:59:59.999000+00:00,22.72566449421727
2025-11-24 11:59:59.999000+00:00,22.72566449421727
2025-11-24 15:59:59.999000+00:00,22.72566449421727
2025-11-24 19:59:59.999000+00:00,22.72566449421727
2025-11-24 23:59:59.999000+00:00,22.72566449421727
2025-11-25 03:59:59.999000+00:00,22.72566449421727
2025-11-25 07:59:59.999000+00:00,22.72566449421727
2025-11-25 11:59:59.999000+00:00,22.72566449421727
2025-11-25 15:59:59.999000+00:00,22.72566449421727
2025-11-25 19:59:59.999000+00:00,22.72566449421727
2025-11-25 23:59:59.999000+00:00,22.72566449421727
2025-11-26 03:59:59.999000+00:00,22.72566449421727
2025-11-26 07:59:59.999000+00:00,22.72566449421727
2025-11-26 11:59:59.999000+00:00,22.72566449421727
2025-11-26 15:59:59.999000+00:00,22.72566449421727
2025-11-26 19:59:59.999000+00:00,22.72566449421727
2025-11-26 23:59:59.999000+00:00,22.72566449421727
2025-11-27 03:59:59.999000+00:00,22.72566449421727
2025-11-27 07:59:59.999000+00:00,22.72566449421727
2025-11-27 11:59:59.999000+00:00,22.72566449421727
2025-11-27 15:59:59.999000+00:00,22.72566449421727
2025-11-27 19:59:59.999000+00:00,22.72566449421727
2025-11-27 23:59:59.999000+00:00,22.72566449421727
2025-11-28 03:59:59.999000+00:00,22.72566449421727
2025-11-28 07:59:59.999000+00:00,22.72566449421727
2025-11-28 11:59:59.999000+00:00,22.72566449421727
2025-11-28 15:59:59.999000+00:00,22.72566449421727
2025-11-28 19:59:59.999000+00:00,22.72566449421727
2025-11-28 23:59:59.999000+00:00,22.72566449421727
2025-11-29 03:59:59.999000+00:00,22.72566449421727
2025-11-29 07:59:59.999000+00:00,22.72566449421727
2025-11-29 11:59:59.999000+00:00,22.72566449421727
2025-11-29 15:59:59.999000+00:00,22.72566449421727
2025-11-29 19:59:59.999000+00:00,22.72566449421727
2025-11-29 23:59:59.999000+00:00,22.72566449421727
2025-11-30 03:59:59.999000+00:00,22.72566449421727
2025-11-30 07:59:59.999000+00:00,22.72566449421727
2025-11-30 11:59:59.999000+00:00,22.72566449421727
2025-11-30 15:59:59.999000+00:00,22.72566449421727
2025-11-30 19:59:59.999000+00:00,22.72566449421727
2025-11-30 23:59:59.999000+00:00,22.72566449421727
2025-12-01 03:59:59.999000+00:00,22.72566449421727
2025-12-01 07:59:59.999000+00:00,22.72566449421727
2025-12-01 11:59:59.999000+00:00,22.72566449421727
2025-12-01 15:59:59.999000+00:00,22.72566449421727
2025-12-01 19:59:59.999000+00:00,22.72566449421727
2025-12-01 23:59:59.999000+00:00,22.72566449421727
2025-12-02 03:59:59.999000+00:00,22.72566449421727
2025-12-02 07:59:59.999000+00:00,22.72566449421727
2025-12-02 11:59:59.999000+00:00,22.72566449421727
2025-12-02 15:59:59.999000+00:00,22.72566449421727
2025-12-02 19:59:59.999000+00:00,22.72566449421727
2025-12-02 23:59:59.999000+00:00,22.72566449421727
2025-12-03 03:59:59.999000+00:00,22.72566449421727
2025-12-03 07:59:59.999000+00:00,22.72566449421727
2025-12-03 11:59:59.999000+00:00,22.713616509217267
2025-12-03 15:59:59.999000+00:00,22.656702309217273
2025-12-03 19:59:59.999000+00:00,22.71535440921727
2025-12-03 23:59:59.999000+00:00,22.751800809217272
2025-12-04 03:59:59.999000+00:00,22.76197890921727
2025-12-04 07:59:59.999000+00:00,22.74889560921727
2025-12-04 11:59:59.999000+00:00,22.708453209217268
2025-12-04 15:59:59.999000+00:00,22.71053940921727
2025-12-04 19:59:59.999000+00:00,22.62089490921727
2025-12-04 23:59:59.999000+00:00,22.63013070921727
2025-12-05 03:59:59.999000+00:00,22.635952809217272
2025-12-05 07:59:59.999000+00:00,22.64638380921727
2025-12-05 11:59:59.999000+00:00,22.56473400921727
2025-12-05 15:59:59.999000+00:00,22.49569184708212
2025-12-05 19:59:59.999000+00:00,22.49569184708212
2025-12-05 23:59:59.999000+00:00,22.49569184708212
2025-12-06 03:59:59.999000+00:00,22.49569184708212
2025-12-06 07:59:59.999000+00:00,22.49569184708212
2025-12-06 11:59:59.999000+00:00,22.49569184708212
2025-12-06 15:59:59.999000+00:00,22.49569184708212
2025-12-06 19:59:59.999000+00:00,22.49569184708212
2025-12-06 23:59:59.999000+00:00,22.49569184708212
2025-12-07 03:59:59.999000+00:00,22.49569184708212
2025-12-07 07:59:59.999000+00:00,22.49569184708212
2025-12-07 11:59:59.999000+00:00,22.49569184708212
2025-12-07 15:59:59.999000+00:00,22.49569184708212
2025-12-07 19:59:59.999000+00:00,22.49569184708212
2025-12-07 23:59:59.999000+00:00,22.49569184708212
2025-12-08 03:59:59.999000+00:00,22.49569184708212
2025-12-08 07:59:59.999000+00:00,22.49569184708212
2025-12-08 11:59:59.999000+00:00,22.51958108953642
2025-12-08 15:59:59.999000+00:00,22.33895828953642
2025-12-08 19:59:59.999000+00:00,22.35363818953642
2025-12-08 23:59:59.999000+00:00,22.39952558953642
2025-12-09 03:59:59.999000+00:00,22.37888588953642
2025-12-09 07:59:59.999000+00:00,22.38714698953642
2025-12-09 11:59:59.999000+00:00,22.377044489536424
2025-12-09 15:59:59.999000+00:00,22.58611088953642
2025-12-09 19:59:59.999000+00:00,22.68450968953642
2025-12-09 23:59:59.999000+00:00,22.583526989536423
2025-12-10 03:59:59.999000+00:00,22.559390789536423
2025-12-10 07:59:59.999000+00:00,22.59289688953642
2025-12-10 11:59:59.999000+00:00,22.533275489536422
2025-12-10 15:59:59.999000+00:00,22.52816708953642
2025-12-10 19:59:59.999000+00:00,22.60862528953642
2025-12-10 23:59:59.999000+00:00,22.523818289536422
2025-12-11 03:59:59.999000+00:00,22.33163588953642
2025-12-11 07:59:59.999000+00:00,22.36698248953642
2025-12-11 11:59:59.999000+00:00,22.36424648953642
2025-12-11 15:59:59.999000+00:00,22.269267079379624
2025-12-11 19:59:59.999000+00:00,22.269267079379624
2025-12-11 23:59:59.999000+00:00,22.269267079379624
2025-12-12 03:59:59.999000+00:00,22.269267079379624
2025-12-12 07:59:59.999000+00:00,22.269267079379624
2025-12-12 11:59:59.999000+00:00,22.269267079379624
2025-12-12 15:59:59.999000+00:00,22.269267079379624
2025-12-12 19:59:59.999000+00:00,22.269267079379624
2025-12-12 23:59:59.999000+00:00,22.269267079379624
2025-12-13 03:59:59.999000+00:00,22.269267079379624
2025-12-13 07:59:59.999000+00:00,22.269267079379624
2025-12-13 11:59:59.999000+00:00,22.269267079379624
2025-12-13 15:59:59.999000+00:00,22.269267079379624
2025-12-13 19:59:59.999000+00:00,22.269267079379624
2025-12-13 23:59:59.999000+00:00,22.269267079379624
2025-12-14 03:59:59.999000+00:00,22.269267079379624
2025-12-14 07:59:59.999000+00:00,22.269267079379624
2025-12-14 11:59:59.999000+00:00,22.269267079379624
2025-12-14 15:59:59.999000+00:00,22.269267079379624
2025-12-14 19:59:59.999000+00:00,22.269267079379624
2025-12-14 23:59:59.999000+00:00,22.269267079379624
2025-12-15 03:59:59.999000+00:00,22.269267079379624
2025-12-15 07:59:59.999000+00:00,22.269267079379624
2025-12-15 11:59:59.999000+00:00,22.269267079379624
2025-12-15 15:59:59.999000+00:00,22.269267079379624
2025-12-15 19:59:59.999000+00:00,22.269267079379624
2025-12-15 23:59:59.999000+00:00,22.269267079379624
2025-12-16 03:59:59.999000+00:00,22.269267079379624
2025-12-16 07:59:59.999000+00:00,22.269267079379624
2025-12-16 11:59:59.999000+00:00,22.269267079379624
2025-12-16 15:59:59.999000+00:00,22.269267079379624
2025-12-16 19:59:59.999000+00:00,22.269267079379624
2025-12-16 23:59:59.999000+00:00,22.269267079379624
2025-12-17 03:59:59.999000+00:00,22.269267079379624
2025-12-17 07:59:59.999000+00:00,22.269267079379624
2025-12-17 11:59:59.999000+00:00,22.269267079379624
2025-12-17 15:59:59.999000+00:00,22.269267079379624
2025-12-17 19:59:59.999000+00:00,22.269267079379624
2025-12-17 23:59:59.999000+00:00,22.269267079379624
2025-12-18 03:59:59.999000+00:00,22.269267079379624
2025-12-18 07:59:59.999000+00:00,22.269267079379624
2025-12-18 11:59:59.999000+00:00,22.269267079379624
2025-12-18 15:59:59.999000+00:00,22.269267079379624
2025-12-18 19:59:59.999000+00:00,22.269267079379624
2025-12-18 23:59:59.999000+00:00,22.269267079379624
2025-12-19 03:59:59.999000+00:00,22.269267079379624
2025-12-19 07:59:59.999000+00:00,22.269267079379624
2025-12-19 11:59:59.999000+00:00,22.269267079379624
2025-12-19 15:59:59.999000+00:00,22.269267079379624
2025-12-19 19:59:59.999000+00:00,22.269267079379624
2025-12-19 23:59:59.999000+00:00,22.269267079379624
2025-12-20 03:59:59.999000+00:00,22.269267079379624
2025-12-20 07:59:59.999000+00:00,22.269267079379624
2025-12-20 11:59:59.999000+00:00,22.269267079379624
2025-12-20 15:59:59.999000+00:00,22.269267079379624
2025-12-20 19:59:59.999000+00:00,22.269267079379624
2025-12-20 23:59:59.999000+00:00,22.269267079379624
2025-12-21 03:59:59.999000+00:00,22.269267079379624
2025-12-21 07:59:59.999000+00:00,22.269267079379624
2025-12-21 11:59:59.999000+00:00,22.269267079379624
2025-12-21 15:59:59.999000+00:00,22.269267079379624
2025-12-21 19:59:59.999000+00:00,22.269267079379624
2025-12-21 23:59:59.999000+00:00,22.269267079379624
2025-12-22 03:59:59.999000+00:00,22.269267079379624
2025-12-22 07:59:59.999000+00:00,22.269267079379624
2025-12-22 11:59:59.999000+00:00,22.269267079379624
2025-12-22 15:59:59.999000+00:00,22.269267079379624
2025-12-22 19:59:59.999000+00:00,22.106444906117773
2025-12-22 23:59:59.999000+00:00,22.094560891776673
2025-12-23 03:59:59.999000+00:00,22.094560891776673
2025-12-23 07:59:59.999000+00:00,22.094560891776673
2025-12-23 11:59:59.999000+00:00,22.094560891776673
2025-12-23 15:59:59.999000+00:00,22.094560891776673
2025-12-23 19:59:59.999000+00:00,22.094560891776673
2025-12-23 23:59:59.999000+00:00,22.094560891776673
2025-12-24 03:59:59.999000+00:00,22.094560891776673
2025-12-24 07:59:59.999000+00:00,22.094560891776673
2025-12-24 11:59:59.999000+00:00,22.094560891776673
2025-12-24 15:59:59.999000+00:00,22.094560891776673
2025-12-24 19:59:59.999000+00:00,22.094560891776673
2025-12-24 23:59:59.999000+00:00,22.094560891776673
2025-12-25 03:59:59.999000+00:00,22.094560891776673
2025-12-25 07:59:59.999000+00:00,22.094560891776673
2025-12-25 11:59:59.999000+00:00,22.094560891776673
2025-12-25 15:59:59.999000+00:00,22.094560891776673
2025-12-25 19:59:59.999000+00:00,22.094560891776673
2025-12-25 23:59:59.999000+00:00,22.094560891776673
2025-12-26 03:59:59.999000+00:00,22.094560891776673
2025-12-26 07:59:59.999000+00:00,22.094560891776673
2025-12-26 11:59:59.999000+00:00,22.094560891776673
2025-12-26 15:59:59.999000+00:00,22.094560891776673
2025-12-26 19:59:59.999000+00:00,22.094560891776673
2025-12-26 23:59:59.999000+00:00,22.094560891776673
2025-12-27 03:59:59.999000+00:00,22.094560891776673
2025-12-27 07:59:59.999000+00:00,22.094560891776673
2025-12-27 11:59:59.999000+00:00,22.094560891776673
2025-12-27 15:59:59.999000+00:00,22.094560891776673
2025-12-27 19:59:59.999000+00:00,22.094560891776673
2025-12-27 23:59:59.999000+00:00,22.094560891776673
2025-12-28 03:59:59.999000+00:00,22.094560891776673
2025-12-28 07:59:59.999000+00:00,22.094560891776673
2025-12-28 11:59:59.999000+00:00,22.094560891776673
2025-12-28 15:59:59.999000+00:00,22.094560891776673
2025-12-28 19:59:59.999000+00:00,22.094560891776673
2025-12-28 23:59:59.999000+00:00,22.094560891776673
2025-12-29 03:59:59.999000+00:00,22.094560891776673
2025-12-29 07:59:59.999000+00:00,22.094560891776673
2025-12-29 11:59:59.999000+00:00,21.897953968129723
2025-12-29 15:59:59.999000+00:00,21.872952173822473
2025-12-29 19:59:59.999000+00:00,21.872952173822473
2025-12-29 23:59:59.999000+00:00,21.872952173822473
2025-12-30 03:59:59.999000+00:00,21.872952173822473
2025-12-30 07:59:59.999000+00:00,21.872952173822473
2025-12-30 11:59:59.999000+00:00,21.872952173822473
2025-12-30 15:59:59.999000+00:00,21.872952173822473
2025-12-30 19:59:59.999000+00:00,21.872952173822473
2025-12-30 23:59:59.999000+00:00,21.872952173822473
2025-12-31 03:59:59.999000+00:00,21.85808124947497
2025-12-31 07:59:59.999000+00:00,21.87248844947497
2025-12-31 11:59:59.999000+00:00,21.908344449474974
2025-12-31 15:59:59.999000+00:00,21.813164949474974
2025-12-31 19:59:59.999000+00:00,21.776074149474972
2025-12-31 23:59:59.999000+00:00,21.785647449474972
2026-01-01 03:59:59.999000+00:00,21.803449449474975
2026-01-01 07:59:59.999000+00:00,21.784176849474974
2026-01-01 11:59:59.999000+00:00,21.772350489109574
2026-01-01 15:59:59.999000+00:00,21.772350489109574
2026-01-01 19:59:59.999000+00:00,21.772350489109574
2026-01-01 23:59:59.999000+00:00,21.772350489109574
2026-01-02 03:59:59.999000+00:00,21.772350489109574
2026-01-02 07:59:59.999000+00:00,21.772350489109574
2026-01-02 11:59:59.999000+00:00,21.772350489109574
2026-01-02 15:59:59.999000+00:00,21.772350489109574
2026-01-02 19:59:59.999000+00:00,21.772350489109574
2026-01-02 23:59:59.999000+00:00,21.772350489109574
2026-01-03 03:59:59.999000+00:00,21.772350489109574
2026-01-03 07:59:59.999000+00:00,21.772350489109574
2026-01-03 11:59:59.999000+00:00,21.772350489109574
2026-01-03 15:59:59.999000+00:00,21.772350489109574
2026-01-03 19:59:59.999000+00:00,21.772350489109574
2026-01-03 23:59:59.999000+00:00,21.772350489109574
2026-01-04 03:59:59.999000+00:00,21.772350489109574
2026-01-04 07:59:59.999000+00:00,21.772350489109574
2026-01-04 11:59:59.999000+00:00,21.772350489109574
2026-01-04 15:59:59.999000+00:00,21.772350489109574
2026-01-04 19:59:59.999000+00:00,21.772350489109574
2026-01-04 23:59:59.999000+00:00,21.772350489109574
2026-01-05 03:59:59.999000+00:00,21.772350489109574
2026-01-05 07:59:59.999000+00:00,21.772350489109574
2026-01-05 11:59:59.999000+00:00,21.772350489109574
2026-01-05 15:59:59.999000+00:00,21.772350489109574
2026-01-05 19:59:59.999000+00:00,21.772350489109574
2026-01-05 23:59:59.999000+00:00,21.772350489109574
2026-01-06 03:59:59.999000+00:00,21.772350489109574
2026-01-06 07:59:59.999000+00:00,21.772350489109574
2026-01-06 11:59:59.999000+00:00,21.772350489109574
2026-01-06 15:59:59.999000+00:00,21.772350489109574
2026-01-06 19:59:59.999000+00:00,21.772350489109574
2026-01-06 23:59:59.999000+00:00,21.772350489109574
2026-01-07 03:59:59.999000+00:00,21.772350489109574
2026-01-07 07:59:59.999000+00:00,21.772350489109574
2026-01-07 11:59:59.999000+00:00,21.772350489109574
2026-01-07 15:59:59.999000+00:00,21.772350489109574
2026-01-07 19:59:59.999000+00:00,21.772350489109574
2026-01-07 23:59:59.999000+00:00,21.772350489109574
2026-01-08 03:59:59.999000+00:00,21.772350489109574
2026-01-08 07:59:59.999000+00:00,21.772350489109574
2026-01-08 11:59:59.999000+00:00,21.772350489109574
2026-01-08 15:59:59.999000+00:00,21.772350489109574
2026-01-08 19:59:59.999000+00:00,21.772350489109574
2026-01-08 23:59:59.999000+00:00,21.772350489109574
2026-01-09 03:59:59.999000+00:00,21.772350489109574
2026-01-09 07:59:59.999000+00:00,21.772350489109574
2026-01-09 11:59:59.999000+00:00,21.772350489109574
2026-01-09 15:59:59.999000+00:00,21.772350489109574
2026-01-09 19:59:59.999000+00:00,21.772350489109574
2026-01-09 23:59:59.999000+00:00,21.772350489109574
2026-01-10 03:59:59.999000+00:00,21.772350489109574
2026-01-10 07:59:59.999000+00:00,21.772350489109574
2026-01-10 11:59:59.999000+00:00,21.772350489109574
2026-01-10 15:59:59.999000+00:00,21.772350489109574
2026-01-10 19:59:59.999000+00:00,21.772350489109574
2026-01-10 23:59:59.999000+00:00,21.772350489109574
2026-01-11 03:59:59.999000+00:00,21.772350489109574
2026-01-11 07:59:59.999000+00:00,21.772350489109574
2026-01-11 11:59:59.999000+00:00,21.772350489109574
2026-01-11 15:59:59.999000+00:00,21.772350489109574
2026-01-11 19:59:59.999000+00:00,21.772350489109574
2026-01-11 23:59:59.999000+00:00,21.772350489109574
2026-01-12 03:59:59.999000+00:00,21.772350489109574
2026-01-12 07:59:59.999000+00:00,21.772350489109574
2026-01-12 11:59:59.999000+00:00,21.772350489109574
2026-01-12 15:59:59.999000+00:00,21.772350489109574
2026-01-12 19:59:59.999000+00:00,21.772350489109574
2026-01-12 23:59:59.999000+00:00,21.772350489109574
2026-01-13 03:59:59.999000+00:00,21.772350489109574
2026-01-13 07:59:59.999000+00:00,21.772350489109574
2026-01-13 11:59:59.999000+00:00,21.772350489109574
2026-01-13 15:59:59.999000+00:00,21.772350489109574
2026-01-13 19:59:59.999000+00:00,21.772350489109574
2026-01-13 23:59:59.999000+00:00,21.772350489109574
2026-01-14 03:59:59.999000+00:00,21.772350489109574
2026-01-14 07:59:59.999000+00:00,21.772350489109574
2026-01-14 11:59:59.999000+00:00,21.772350489109574
2026-01-14 15:59:59.999000+00:00,21.772350489109574
2026-01-14 19:59:59.999000+00:00,21.772350489109574
2026-01-14 23:59:59.999000+00:00,21.772350489109574
2026-01-15 03:59:59.999000+00:00,21.772350489109574
2026-01-15 07:59:59.999000+00:00,21.772350489109574
2026-01-15 11:59:59.999000+00:00,21.772350489109574
2026-01-15 15:59:59.999000+00:00,21.772350489109574
2026-01-15 19:59:59.999000+00:00,21.772350489109574
2026-01-15 23:59:59.999000+00:00,21.772350489109574
2026-01-16 03:59:59.999000+00:00,21.772350489109574
2026-01-16 07:59:59.999000+00:00,21.772350489109574
2026-01-16 11:59:59.999000+00:00,21.772350489109574
2026-01-16 15:59:59.999000+00:00,21.772350489109574
2026-01-16 19:59:59.999000+00:00,21.772350489109574
2026-01-16 23:59:59.999000+00:00,21.772350489109574
2026-01-17 03:59:59.999000+00:00,21.772350489109574
2026-01-17 07:59:59.999000+00:00,21.772350489109574
2026-01-17 11:59:59.999000+00:00,21.772350489109574
2026-01-17 15:59:59.999000+00:00,21.772350489109574
2026-01-17 19:59:59.999000+00:00,21.772350489109574
2026-01-17 23:59:59.999000+00:00,21.772350489109574
2026-01-18 03:59:59.999000+00:00,21.772350489109574
2026-01-18 07:59:59.999000+00:00,21.772350489109574
2026-01-18 11:59:59.999000+00:00,21.772350489109574
2026-01-18 15:59:59.999000+00:00,21.772350489109574
2026-01-18 19:59:59.999000+00:00,21.772350489109574
2026-01-18 23:59:59.999000+00:00,21.772350489109574
2026-01-19 03:59:59.999000+00:00,21.772350489109574
2026-01-19 07:59:59.999000+00:00,21.772350489109574
2026-01-19 11:59:59.999000+00:00,21.772350489109574
2026-01-19 15:59:59.999000+00:00,21.772350489109574
2026-01-19 19:59:59.999000+00:00,21.772350489109574
2026-01-19 23:59:59.999000+00:00,21.772350489109574
2026-01-20 03:59:59.999000+00:00,21.772350489109574
2026-01-20 07:59:59.999000+00:00,21.772350489109574
2026-01-20 11:59:59.999000+00:00,21.772350489109574
2026-01-20 15:59:59.999000+00:00,21.772350489109574
2026-01-20 19:59:59.999000+00:00,21.772350489109574
2026-01-20 23:59:59.999000+00:00,21.772350489109574
2026-01-21 03:59:59.999000+00:00,21.772350489109574
2026-01-21 07:59:59.999000+00:00,21.772350489109574
2026-01-21 11:59:59.999000+00:00,21.772350489109574
2026-01-21 15:59:59.999000+00:00,21.772350489109574
2026-01-21 19:59:59.999000+00:00,21.772350489109574
2026-01-21 23:59:59.999000+00:00,21.772350489109574
2026-01-22 03:59:59.999000+00:00,21.772350489109574
2026-01-22 07:59:59.999000+00:00,21.772350489109574
2026-01-22 11:59:59.999000+00:00,21.772350489109574
2026-01-22 15:59:59.999000+00:00,21.772350489109574
2026-01-22 19:59:59.999000+00:00,21.772350489109574
2026-01-22 23:59:59.999000+00:00,21.772350489109574
2026-01-23 03:59:59.999000+00:00,21.772350489109574
2026-01-23 07:59:59.999000+00:00,21.772350489109574
2026-01-23 11:59:59.999000+00:00,21.772350489109574
2026-01-23 15:59:59.999000+00:00,21.772350489109574
2026-01-23 19:59:59.999000+00:00,21.772350489109574
2026-01-23 23:59:59.999000+00:00,21.772350489109574
2026-01-24 03:59:59.999000+00:00,21.772350489109574
2026-01-24 07:59:59.999000+00:00,21.772350489109574
2026-01-24 11:59:59.999000+00:00,21.772350489109574
2026-01-24 15:59:59.999000+00:00,21.772350489109574
2026-01-24 19:59:59.999000+00:00,21.772350489109574
2026-01-24 23:59:59.999000+00:00,21.772350489109574
2026-01-25 03:59:59.999000+00:00,21.772350489109574
2026-01-25 07:59:59.999000+00:00,21.772350489109574
2026-01-25 11:59:59.999000+00:00,21.772350489109574
2026-01-25 15:59:59.999000+00:00,21.772350489109574
2026-01-25 19:59:59.999000+00:00,21.772350489109574
2026-01-25 23:59:59.999000+00:00,21.772350489109574
2026-01-26 03:59:59.999000+00:00,21.772350489109574
2026-01-26 07:59:59.999000+00:00,21.772350489109574
2026-01-26 11:59:59.999000+00:00,21.772350489109574
2026-01-26 15:59:59.999000+00:00,21.772350489109574
2026-01-26 19:59:59.999000+00:00,21.772350489109574
2026-01-26 23:59:59.999000+00:00,21.772350489109574
2026-01-27 03:59:59.999000+00:00,21.772350489109574
2026-01-27 07:59:59.999000+00:00,21.772350489109574
2026-01-27 11:59:59.999000+00:00,21.772350489109574
2026-01-27 15:59:59.999000+00:00,21.772350489109574
2026-01-27 19:59:59.999000+00:00,21.772350489109574
2026-01-27 23:59:59.999000+00:00,21.772350489109574
2026-01-28 03:59:59.999000+00:00,21.772350489109574
2026-01-28 07:59:59.999000+00:00,21.772350489109574
2026-01-28 11:59:59.999000+00:00,21.772350489109574
2026-01-28 15:59:59.999000+00:00,21.772350489109574
2026-01-28 19:59:59.999000+00:00,21.772350489109574
2026-01-28 23:59:59.999000+00:00,21.772350489109574
2026-01-29 03:59:59.999000+00:00,21.772350489109574
2026-01-29 07:59:59.999000+00:00,21.772350489109574
2026-01-29 11:59:59.999000+00:00,21.772350489109574
2026-01-29 15:59:59.999000+00:00,21.772350489109574
2026-01-29 19:59:59.999000+00:00,21.772350489109574
2026-01-29 23:59:59.999000+00:00,21.772350489109574
2026-01-30 03:59:59.999000+00:00,21.772350489109574
2026-01-30 07:59:59.999000+00:00,21.772350489109574
2026-01-30 11:59:59.999000+00:00,21.772350489109574
2026-01-30 15:59:59.999000+00:00,21.772350489109574
2026-01-30 19:59:59.999000+00:00,21.772350489109574
2026-01-30 23:59:59.999000+00:00,21.772350489109574
2026-01-31 03:59:59.999000+00:00,21.772350489109574
2026-01-31 07:59:59.999000+00:00,21.772350489109574
2026-01-31 11:59:59.999000+00:00,21.772350489109574
2026-01-31 15:59:59.999000+00:00,21.772350489109574
2026-01-31 19:59:59.999000+00:00,21.772350489109574
2026-01-31 23:59:59.999000+00:00,21.772350489109574
2026-02-01 03:59:59.999000+00:00,21.772350489109574
2026-02-01 07:59:59.999000+00:00,21.772350489109574
2026-02-01 11:59:59.999000+00:00,21.772350489109574
2026-02-01 15:59:59.999000+00:00,21.772350489109574
2026-02-01 19:59:59.999000+00:00,21.772350489109574
2026-02-01 23:59:59.999000+00:00,21.772350489109574
2026-02-02 03:59:59.999000+00:00,21.772350489109574
2026-02-02 07:59:59.999000+00:00,21.772350489109574
2026-02-02 11:59:59.999000+00:00,21.772350489109574
2026-02-02 15:59:59.999000+00:00,21.772350489109574
2026-02-02 19:59:59.999000+00:00,21.772350489109574
2026-02-02 23:59:59.999000+00:00,21.772350489109574
2026-02-03 03:59:59.999000+00:00,21.772350489109574
2026-02-03 07:59:59.999000+00:00,21.772350489109574
2026-02-03 11:59:59.999000+00:00,21.772350489109574
2026-02-03 15:59:59.999000+00:00,21.772350489109574
2026-02-03 19:59:59.999000+00:00,21.772350489109574
2026-02-03 23:59:59.999000+00:00,21.772350489109574
2026-02-04 03:59:59.999000+00:00,21.772350489109574
2026-02-04 07:59:59.999000+00:00,21.772350489109574
2026-02-04 11:59:59.999000+00:00,21.772350489109574
2026-02-04 15:59:59.999000+00:00,21.772350489109574
2026-02-04 19:59:59.999000+00:00,21.772350489109574
2026-02-04 23:59:59.999000+00:00,21.772350489109574
2026-02-05 03:59:59.999000+00:00,21.772350489109574
2026-02-05 07:59:59.999000+00:00,21.772350489109574
2026-02-05 11:59:59.999000+00:00,21.772350489109574
2026-02-05 15:59:59.999000+00:00,21.772350489109574
2026-02-05 19:59:59.999000+00:00,21.772350489109574
2026-02-05 23:59:59.999000+00:00,21.772350489109574
2026-02-06 03:59:59.999000+00:00,21.772350489109574
2026-02-06 07:59:59.999000+00:00,21.772350489109574
2026-02-06 11:59:59.999000+00:00,21.772350489109574
2026-02-06 15:59:59.999000+00:00,21.772350489109574
2026-02-06 19:59:59.999000+00:00,21.772350489109574
2026-02-06 23:59:59.999000+00:00,21.772350489109574
2026-02-07 03:59:59.999000+00:00,21.772350489109574
2026-02-07 07:59:59.999000+00:00,21.772350489109574
2026-02-07 11:59:59.999000+00:00,21.772350489109574
2026-02-07 15:59:59.999000+00:00,21.772350489109574
2026-02-07 19:59:59.999000+00:00,21.772350489109574
2026-02-07 23:59:59.999000+00:00,21.772350489109574
2026-02-08 03:59:59.999000+00:00,21.772350489109574
2026-02-08 07:59:59.999000+00:00,21.772350489109574
2026-02-08 11:59:59.999000+00:00,21.772350489109574
2026-02-08 15:59:59.999000+00:00,21.772350489109574
2026-02-08 19:59:59.999000+00:00,21.772350489109574
2026-02-08 23:59:59.999000+00:00,21.772350489109574
2026-02-09 03:59:59.999000+00:00,21.772350489109574
2026-02-09 07:59:59.999000+00:00,21.772350489109574
2026-02-09 11:59:59.999000+00:00,21.772350489109574
2026-02-09 15:59:59.999000+00:00,21.772350489109574
2026-02-09 19:59:59.999000+00:00,21.772350489109574
2026-02-09 23:59:59.999000+00:00,21.772350489109574
2026-02-10 03:59:59.999000+00:00,21.772350489109574
2026-02-10 07:59:59.999000+00:00,21.772350489109574
2026-02-10 11:59:59.999000+00:00,21.772350489109574
2026-02-10 15:59:59.999000+00:00,21.772350489109574
2026-02-10 19:59:59.999000+00:00,21.772350489109574
2026-02-10 23:59:59.999000+00:00,21.772350489109574
2026-02-11 03:59:59.999000+00:00,21.772350489109574
2026-02-11 07:59:59.999000+00:00,21.772350489109574
2026-02-11 11:59:59.999000+00:00,21.772350489109574
2026-02-11 15:59:59.999000+00:00,21.772350489109574
2026-02-11 19:59:59.999000+00:00,21.772350489109574
2026-02-11 23:59:59.999000+00:00,21.772350489109574
2026-02-12 03:59:59.999000+00:00,21.772350489109574
2026-02-12 07:59:59.999000+00:00,21.772350489109574
2026-02-12 11:59:59.999000+00:00,21.772350489109574
2026-02-12 15:59:59.999000+00:00,21.772350489109574
2026-02-12 19:59:59.999000+00:00,21.772350489109574
2026-02-12 23:59:59.999000+00:00,21.772350489109574
2026-02-13 03:59:59.999000+00:00,21.772350489109574
2026-02-13 07:59:59.999000+00:00,21.772350489109574
2026-02-13 11:59:59.999000+00:00,21.772350489109574
2026-02-13 15:59:59.999000+00:00,21.772350489109574
2026-02-13 19:59:59.999000+00:00,21.772350489109574
2026-02-13 23:59:59.999000+00:00,21.772350489109574
2026-02-14 03:59:59.999000+00:00,21.772350489109574
2026-02-14 07:59:59.999000+00:00,21.772350489109574
2026-02-14 11:59:59.999000+00:00,21.772350489109574
2026-02-14 15:59:59.999000+00:00,21.772350489109574
2026-02-14 19:59:59.999000+00:00,21.772350489109574
2026-02-14 23:59:59.999000+00:00,21.772350489109574
2026-02-15 03:59:59.999000+00:00,21.772350489109574
2026-02-15 07:59:59.999000+00:00,21.772350489109574
2026-02-15 11:59:59.999000+00:00,21.772350489109574
2026-02-15 15:59:59.999000+00:00,21.772350489109574
2026-02-15 19:59:59.999000+00:00,21.772350489109574
2026-02-15 23:59:59.999000+00:00,21.772350489109574
2026-02-16 03:59:59.999000+00:00,21.772350489109574
2026-02-16 07:59:59.999000+00:00,21.772350489109574
2026-02-16 11:59:59.999000+00:00,21.772350489109574
2026-02-16 15:59:59.999000+00:00,21.772350489109574
2026-02-16 19:59:59.999000+00:00,21.772350489109574
2026-02-16 23:59:59.999000+00:00,21.772350489109574
2026-02-17 03:59:59.999000+00:00,21.772350489109574
2026-02-17 07:59:59.999000+00:00,21.772350489109574
2026-02-17 11:59:59.999000+00:00,21.772350489109574
2026-02-17 15:59:59.999000+00:00,21.772350489109574
2026-02-17 19:59:59.999000+00:00,21.772350489109574
2026-02-17 23:59:59.999000+00:00,21.772350489109574
2026-02-18 03:59:59.999000+00:00,21.772350489109574
2026-02-18 07:59:59.999000+00:00,21.772350489109574
2026-02-18 11:59:59.999000+00:00,21.772350489109574
2026-02-18 15:59:59.999000+00:00,21.772350489109574
2026-02-18 19:59:59.999000+00:00,21.772350489109574
2026-02-18 23:59:59.999000+00:00,21.772350489109574
2026-02-19 03:59:59.999000+00:00,21.772350489109574
2026-02-19 07:59:59.999000+00:00,21.772350489109574
2026-02-19 11:59:59.999000+00:00,21.772350489109574
2026-02-19 15:59:59.999000+00:00,21.772350489109574
2026-02-19 19:59:59.999000+00:00,21.772350489109574
2026-02-19 23:59:59.999000+00:00,21.772350489109574
2026-02-20 03:59:59.999000+00:00,21.772350489109574
2026-02-20 07:59:59.999000+00:00,21.772350489109574
2026-02-20 11:59:59.999000+00:00,21.772350489109574
2026-02-20 15:59:59.999000+00:00,21.772350489109574
2026-02-20 19:59:59.999000+00:00,21.772350489109574
2026-02-20 23:59:59.999000+00:00,21.772350489109574
2026-02-21 03:59:59.999000+00:00,21.772350489109574
2026-02-21 07:59:59.999000+00:00,21.772350489109574
2026-02-21 11:59:59.999000+00:00,21.772350489109574
2026-02-21 15:59:59.999000+00:00,21.772350489109574
2026-02-21 19:59:59.999000+00:00,21.772350489109574
2026-02-21 23:59:59.999000+00:00,21.772350489109574
2026-02-22 03:59:59.999000+00:00,21.772350489109574
2026-02-22 07:59:59.999000+00:00,21.772350489109574
2026-02-22 11:59:59.999000+00:00,21.772350489109574
2026-02-22 15:59:59.999000+00:00,21.772350489109574
2026-02-22 19:59:59.999000+00:00,21.772350489109574
2026-02-22 23:59:59.999000+00:00,21.772350489109574
2026-02-23 03:59:59.999000+00:00,21.772350489109574
2026-02-23 07:59:59.999000+00:00,21.772350489109574
2026-02-23 11:59:59.999000+00:00,21.772350489109574
2026-02-23 15:59:59.999000+00:00,21.772350489109574
2026-02-23 19:59:59.999000+00:00,21.772350489109574
2026-02-23 23:59:59.999000+00:00,21.772350489109574
2026-02-24 03:59:59.999000+00:00,21.772350489109574
2026-02-24 07:59:59.999000+00:00,21.772350489109574
2026-02-24 11:59:59.999000+00:00,21.772350489109574
2026-02-24 15:59:59.999000+00:00,21.772350489109574
2026-02-24 19:59:59.999000+00:00,21.772350489109574
2026-02-24 23:59:59.999000+00:00,21.772350489109574
2026-02-25 03:59:59.999000+00:00,21.772350489109574
2026-02-25 07:59:59.999000+00:00,21.772350489109574
2026-02-25 11:59:59.999000+00:00,21.772350489109574
2026-02-25 15:59:59.999000+00:00,21.772350489109574
2026-02-25 19:59:59.999000+00:00,21.772350489109574
2026-02-25 23:59:59.999000+00:00,21.772350489109574
2026-02-26 03:59:59.999000+00:00,21.772350489109574
2026-02-26 07:59:59.999000+00:00,21.772350489109574
2026-02-26 11:59:59.999000+00:00,21.772350489109574
2026-02-26 15:59:59.999000+00:00,21.772350489109574
2026-02-26 19:59:59.999000+00:00,21.772350489109574
2026-02-26 23:59:59.999000+00:00,21.772350489109574
2026-02-27 03:59:59.999000+00:00,21.772350489109574
2026-02-27 07:59:59.999000+00:00,21.772350489109574
2026-02-27 11:59:59.999000+00:00,21.772350489109574
2026-02-27 15:59:59.999000+00:00,21.772350489109574
2026-02-27 19:59:59.999000+00:00,21.772350489109574
2026-02-27 23:59:59.999000+00:00,21.772350489109574
2026-02-28 03:59:59.999000+00:00,21.772350489109574
2026-02-28 07:59:59.999000+00:00,21.772350489109574
2026-02-28 11:59:59.999000+00:00,21.772350489109574
2026-02-28 15:59:59.999000+00:00,21.772350489109574
2026-02-28 19:59:59.999000+00:00,21.772350489109574
2026-02-28 23:59:59.999000+00:00,21.772350489109574
2026-03-01 03:59:59.999000+00:00,21.772350489109574
2026-03-01 07:59:59.999000+00:00,21.772350489109574
2026-03-01 11:59:59.999000+00:00,21.772350489109574
2026-03-01 15:59:59.999000+00:00,21.772350489109574
2026-03-01 19:59:59.999000+00:00,21.772350489109574
2026-03-01 23:59:59.999000+00:00,21.772350489109574
2026-03-02 03:59:59.999000+00:00,21.772350489109574
2026-03-02 07:59:59.999000+00:00,21.772350489109574
2026-03-02 11:59:59.999000+00:00,21.772350489109574
2026-03-02 15:59:59.999000+00:00,21.772350489109574
2026-03-02 19:59:59.999000+00:00,21.772350489109574
2026-03-02 23:59:59.999000+00:00,21.743557177518372
2026-03-03 03:59:59.999000+00:00,21.68930277751837
2026-03-03 07:59:59.999000+00:00,21.664685977518374
2026-03-03 11:59:59.999000+00:00,21.544960739476572
2026-03-03 15:59:59.999000+00:00,21.544960739476572
2026-03-03 19:59:59.999000+00:00,21.544960739476572
2026-03-03 23:59:59.999000+00:00,21.544960739476572
2026-03-04 03:59:59.999000+00:00,21.544960739476572
2026-03-04 07:59:59.999000+00:00,21.544960739476572
2026-03-04 11:59:59.999000+00:00,21.544960739476572
2026-03-04 15:59:59.999000+00:00,21.544960739476572
2026-03-04 19:59:59.999000+00:00,21.544960739476572
2026-03-04 23:59:59.999000+00:00,21.544960739476572
2026-03-05 03:59:59.999000+00:00,21.544960739476572
2026-03-05 07:59:59.999000+00:00,21.544960739476572
2026-03-05 11:59:59.999000+00:00,21.544960739476572
2026-03-05 15:59:59.999000+00:00,21.544960739476572
2026-03-05 19:59:59.999000+00:00,21.544960739476572
2026-03-05 23:59:59.999000+00:00,21.544960739476572
2026-03-06 03:59:59.999000+00:00,21.544960739476572
2026-03-06 07:59:59.999000+00:00,21.544960739476572
2026-03-06 11:59:59.999000+00:00,21.544960739476572
2026-03-06 15:59:59.999000+00:00,21.544960739476572
2026-03-06 19:59:59.999000+00:00,21.544960739476572
2026-03-06 23:59:59.999000+00:00,21.544960739476572
2026-03-07 03:59:59.999000+00:00,21.544960739476572
2026-03-07 07:59:59.999000+00:00,21.544960739476572
2026-03-07 11:59:59.999000+00:00,21.544960739476572
2026-03-07 15:59:59.999000+00:00,21.544960739476572
2026-03-07 19:59:59.999000+00:00,21.544960739476572
2026-03-07 23:59:59.999000+00:00,21.544960739476572
2026-03-08 03:59:59.999000+00:00,21.544960739476572
2026-03-08 07:59:59.999000+00:00,21.544960739476572
2026-03-08 11:59:59.999000+00:00,21.544960739476572
2026-03-08 15:59:59.999000+00:00,21.544960739476572
2026-03-08 19:59:59.999000+00:00,21.544960739476572
2026-03-08 23:59:59.999000+00:00,21.544960739476572
2026-03-09 03:59:59.999000+00:00,21.544960739476572
2026-03-09 07:59:59.999000+00:00,21.544960739476572
2026-03-09 11:59:59.999000+00:00,21.544960739476572
2026-03-09 15:59:59.999000+00:00,21.544960739476572
2026-03-09 19:59:59.999000+00:00,21.544960739476572
2026-03-09 23:59:59.999000+00:00,21.544960739476572
2026-03-10 03:59:59.999000+00:00,21.544960739476572
2026-03-10 07:59:59.999000+00:00,21.544960739476572
2026-03-10 11:59:59.999000+00:00,21.55327503331597
2026-03-10 15:59:59.999000+00:00,21.645101433315972
2026-03-10 19:59:59.999000+00:00,21.48879783331597
2026-03-10 23:59:59.999000+00:00,21.477397833315973
2026-03-11 03:59:59.999000+00:00,21.42979143331597
2026-03-11 07:59:59.999000+00:00,21.44135703331597
2026-03-11 11:59:59.999000+00:00,21.38432223331597
2026-03-11 15:59:59.999000+00:00,21.51091143331597
2026-03-11 19:59:59.999000+00:00,21.560580633315972
2026-03-11 23:59:59.999000+00:00,21.506585433315973
2026-03-12 03:59:59.999000+00:00,21.417155433315973
2026-03-12 07:59:59.999000+00:00,21.46270503331597
2026-03-12 11:59:59.999000+00:00,21.534911433315973
2026-03-12 15:59:59.999000+00:00,21.523747833315973
2026-03-12 19:59:59.999000+00:00,21.53544063331597
2026-03-12 23:59:59.999000+00:00,21.548523033315973
2026-03-13 03:59:59.999000+00:00,21.65225223331597
2026-03-13 07:59:59.999000+00:00,21.67702863331597
2026-03-13 11:59:59.999000+00:00,21.751020633315974
2026-03-13 15:59:59.999000+00:00,21.703337433315973
2026-03-13 19:59:59.999000+00:00,21.626356233315974
2026-03-13 23:59:59.999000+00:00,21.59516223331597
2026-03-14 03:59:59.999000+00:00,21.613318233315972
2026-03-14 07:59:59.999000+00:00,21.555163833315973
2026-03-14 11:59:59.999000+00:00,21.57373263331597
2026-03-14 15:59:59.999000+00:00,21.55317303331597
2026-03-14 19:59:59.999000+00:00,21.56756223331597
2026-03-14 23:59:59.999000+00:00,21.628996233315974
2026-03-15 03:59:59.999000+00:00,21.647139033315973
2026-03-15 07:59:59.999000+00:00,21.65799303331597
2026-03-15 11:59:59.999000+00:00,21.704292633315973
2026-03-15 15:59:59.999000+00:00,21.66131103331597
2026-03-15 19:59:59.999000+00:00,21.669555033315973
2026-03-15 23:59:59.999000+00:00,21.821391033315972
2026-03-16 03:59:59.999000+00:00,21.945845682512175
2026-03-16 07:59:59.999000+00:00,21.945845682512175
2026-03-16 11:59:59.999000+00:00,21.945845682512175
2026-03-16 15:59:59.999000+00:00,21.945845682512175
2026-03-16 19:59:59.999000+00:00,21.945845682512175
2026-03-16 23:59:59.999000+00:00,21.945845682512175
2026-03-17 03:59:59.999000+00:00,21.945845682512175
2026-03-17 07:59:59.999000+00:00,21.945845682512175
2026-03-17 11:59:59.999000+00:00,21.945845682512175
2026-03-17 15:59:59.999000+00:00,21.945845682512175
2026-03-17 19:59:59.999000+00:00,21.945845682512175
2026-03-17 23:59:59.999000+00:00,21.945845682512175
2026-03-18 03:59:59.999000+00:00,21.945845682512175
2026-03-18 07:59:59.999000+00:00,21.945845682512175
2026-03-18 11:59:59.999000+00:00,21.945845682512175
2026-03-18 15:59:59.999000+00:00,21.945845682512175
2026-03-18 19:59:59.999000+00:00,21.945845682512175
2026-03-18 23:59:59.999000+00:00,21.945845682512175
2026-03-19 03:59:59.999000+00:00,21.945845682512175
2026-03-19 07:59:59.999000+00:00,21.945845682512175
2026-03-19 11:59:59.999000+00:00,21.945845682512175
2026-03-19 15:59:59.999000+00:00,21.945845682512175
2026-03-19 19:59:59.999000+00:00,21.945845682512175
2026-03-19 23:59:59.999000+00:00,21.945845682512175
2026-03-20 03:59:59.999000+00:00,21.945845682512175
2026-03-20 07:59:59.999000+00:00,21.945845682512175
2026-03-20 11:59:59.999000+00:00,21.945845682512175
2026-03-20 15:59:59.999000+00:00,21.945845682512175
2026-03-20 19:59:59.999000+00:00,21.945845682512175
2026-03-20 23:59:59.999000+00:00,21.945845682512175
2026-03-21 03:59:59.999000+00:00,21.945845682512175
2026-03-21 07:59:59.999000+00:00,21.945845682512175
2026-03-21 11:59:59.999000+00:00,21.945845682512175
2026-03-21 15:59:59.999000+00:00,21.945845682512175
2026-03-21 19:59:59.999000+00:00,21.945845682512175
2026-03-21 23:59:59.999000+00:00,21.945845682512175
2026-03-22 03:59:59.999000+00:00,21.945845682512175
2026-03-22 07:59:59.999000+00:00,21.945845682512175
2026-03-22 11:59:59.999000+00:00,21.945845682512175
2026-03-22 15:59:59.999000+00:00,21.945845682512175
2026-03-22 19:59:59.999000+00:00,21.945845682512175
2026-03-22 23:59:59.999000+00:00,21.945845682512175
2026-03-23 03:59:59.999000+00:00,21.945845682512175
2026-03-23 07:59:59.999000+00:00,21.945845682512175
2026-03-23 11:59:59.999000+00:00,21.945845682512175
2026-03-23 15:59:59.999000+00:00,21.945845682512175
2026-03-23 19:59:59.999000+00:00,21.945845682512175
2026-03-23 23:59:59.999000+00:00,21.945845682512175
2026-03-24 03:59:59.999000+00:00,21.945845682512175
2026-03-24 07:59:59.999000+00:00,21.945845682512175
2026-03-24 11:59:59.999000+00:00,21.945845682512175
2026-03-24 15:59:59.999000+00:00,21.945845682512175
2026-03-24 19:59:59.999000+00:00,21.945845682512175
2026-03-24 23:59:59.999000+00:00,21.945845682512175
2026-03-25 03:59:59.999000+00:00,21.945845682512175
2026-03-25 07:59:59.999000+00:00,21.945845682512175
2026-03-25 11:59:59.999000+00:00,21.945845682512175
2026-03-25 15:59:59.999000+00:00,21.945845682512175
2026-03-25 19:59:59.999000+00:00,21.945845682512175
2026-03-25 23:59:59.999000+00:00,21.945845682512175
2026-03-26 03:59:59.999000+00:00,21.945845682512175
2026-03-26 07:59:59.999000+00:00,21.83299196262397
2026-03-26 11:59:59.999000+00:00,21.820380428670376
2026-03-26 15:59:59.999000+00:00,21.820380428670376
2026-03-26 19:59:59.999000+00:00,21.820380428670376
2026-03-26 23:59:59.999000+00:00,21.820380428670376
2026-03-27 03:59:59.999000+00:00,21.820380428670376
2026-03-27 07:59:59.999000+00:00,21.820380428670376
2026-03-27 11:59:59.999000+00:00,21.820380428670376
2026-03-27 15:59:59.999000+00:00,21.820380428670376
2026-03-27 19:59:59.999000+00:00,21.820380428670376
2026-03-27 23:59:59.999000+00:00,21.820380428670376
2026-03-28 03:59:59.999000+00:00,21.820380428670376
2026-03-28 07:59:59.999000+00:00,21.820380428670376
2026-03-28 11:59:59.999000+00:00,21.820380428670376
2026-03-28 15:59:59.999000+00:00,21.820380428670376
2026-03-28 19:59:59.999000+00:00,21.820380428670376
2026-03-28 23:59:59.999000+00:00,21.820380428670376
2026-03-29 03:59:59.999000+00:00,21.820380428670376
2026-03-29 07:59:59.999000+00:00,21.820380428670376
2026-03-29 11:59:59.999000+00:00,21.820380428670376
2026-03-29 15:59:59.999000+00:00,21.820380428670376
2026-03-29 19:59:59.999000+00:00,21.820380428670376
2026-03-29 23:59:59.999000+00:00,21.820380428670376
2026-03-30 03:59:59.999000+00:00,21.820380428670376
2026-03-30 07:59:59.999000+00:00,21.820380428670376
2026-03-30 11:59:59.999000+00:00,21.820380428670376
2026-03-30 15:59:59.999000+00:00,21.820380428670376
2026-03-30 19:59:59.999000+00:00,21.820380428670376
2026-03-30 23:59:59.999000+00:00,21.820380428670376
2026-03-31 03:59:59.999000+00:00,21.820380428670376
2026-03-31 07:59:59.999000+00:00,21.820380428670376
2026-03-31 11:59:59.999000+00:00,21.820380428670376
2026-03-31 15:59:59.999000+00:00,21.820380428670376
2026-03-31 19:59:59.999000+00:00,21.820380428670376
2026-03-31 23:59:59.999000+00:00,21.820380428670376
2026-04-01 03:59:59.999000+00:00,21.820380428670376
2026-04-01 07:59:59.999000+00:00,21.820380428670376
2026-04-01 11:59:59.999000+00:00,21.820380428670376
2026-04-01 15:59:59.999000+00:00,21.820380428670376
2026-04-01 19:59:59.999000+00:00,21.820380428670376
2026-04-01 23:59:59.999000+00:00,21.820380428670376
2026-04-02 03:59:59.999000+00:00,21.820380428670376
2026-04-02 07:59:59.999000+00:00,21.820380428670376
2026-04-02 11:59:59.999000+00:00,21.820380428670376
2026-04-02 15:59:59.999000+00:00,21.820380428670376
2026-04-02 19:59:59.999000+00:00,21.820380428670376
2026-04-02 23:59:59.999000+00:00,21.820380428670376
2026-04-03 03:59:59.999000+00:00,21.820380428670376
2026-04-03 07:59:59.999000+00:00,21.820380428670376
2026-04-03 11:59:59.999000+00:00,21.820380428670376
2026-04-03 15:59:59.999000+00:00,21.820380428670376
2026-04-03 19:59:59.999000+00:00,21.820380428670376
2026-04-03 23:59:59.999000+00:00,21.820380428670376
2026-04-04 03:59:59.999000+00:00,21.820380428670376
2026-04-04 07:59:59.999000+00:00,21.820380428670376
2026-04-04 11:59:59.999000+00:00,21.820380428670376
2026-04-04 15:59:59.999000+00:00,21.820380428670376
2026-04-04 19:59:59.999000+00:00,21.820380428670376
2026-04-04 23:59:59.999000+00:00,21.820380428670376
2026-04-05 03:59:59.999000+00:00,21.820380428670376
2026-04-05 07:59:59.999000+00:00,21.820380428670376
2026-04-05 11:59:59.999000+00:00,21.820380428670376
2026-04-05 15:59:59.999000+00:00,21.820380428670376
2026-04-05 19:59:59.999000+00:00,21.820380428670376
2026-04-05 23:59:59.999000+00:00,21.820380428670376
2026-04-06 03:59:59.999000+00:00,21.820380428670376
2026-04-06 07:59:59.999000+00:00,21.820380428670376
2026-04-06 11:59:59.999000+00:00,21.820380428670376
2026-04-06 15:59:59.999000+00:00,21.820380428670376
2026-04-06 19:59:59.999000+00:00,21.820380428670376
2026-04-06 23:59:59.999000+00:00,21.820380428670376
2026-04-07 03:59:59.999000+00:00,21.820380428670376
2026-04-07 07:59:59.999000+00:00,21.820380428670376
2026-04-07 11:59:59.999000+00:00,21.820380428670376
2026-04-07 15:59:59.999000+00:00,21.820380428670376
2026-04-07 19:59:59.999000+00:00,21.820380428670376
2026-04-07 23:59:59.999000+00:00,21.820380428670376
2026-04-08 03:59:59.999000+00:00,21.820380428670376
2026-04-08 07:59:59.999000+00:00,21.820380428670376
2026-04-08 11:59:59.999000+00:00,21.820380428670376
2026-04-08 15:59:59.999000+00:00,21.820380428670376
2026-04-08 19:59:59.999000+00:00,21.820380428670376
2026-04-08 23:59:59.999000+00:00,21.820380428670376
2026-04-09 03:59:59.999000+00:00,21.820380428670376
2026-04-09 07:59:59.999000+00:00,21.820380428670376
2026-04-09 11:59:59.999000+00:00,21.820380428670376
2026-04-09 15:59:59.999000+00:00,21.820380428670376
2026-04-09 19:59:59.999000+00:00,21.820380428670376
2026-04-09 23:59:59.999000+00:00,21.820380428670376
2026-04-10 03:59:59.999000+00:00,21.820380428670376
2026-04-10 07:59:59.999000+00:00,21.820380428670376
2026-04-10 11:59:59.999000+00:00,21.820380428670376
2026-04-10 15:59:59.999000+00:00,21.820380428670376
2026-04-10 19:59:59.999000+00:00,21.820380428670376
2026-04-10 23:59:59.999000+00:00,21.820380428670376
2026-04-11 03:59:59.999000+00:00,21.820380428670376
2026-04-11 07:59:59.999000+00:00,21.820380428670376
2026-04-11 11:59:59.999000+00:00,21.820380428670376
2026-04-11 15:59:59.999000+00:00,21.820380428670376
2026-04-11 19:59:59.999000+00:00,21.820380428670376
2026-04-11 23:59:59.999000+00:00,21.820380428670376
2026-04-12 03:59:59.999000+00:00,21.820380428670376
2026-04-12 07:59:59.999000+00:00,21.820380428670376
2026-04-12 11:59:59.999000+00:00,21.820380428670376
2026-04-12 15:59:59.999000+00:00,21.820380428670376
2026-04-12 19:59:59.999000+00:00,21.820380428670376
2026-04-12 23:59:59.999000+00:00,21.820380428670376
2026-04-13 03:59:59.999000+00:00,21.820380428670376
2026-04-13 07:59:59.999000+00:00,21.820380428670376
2026-04-13 11:59:59.999000+00:00,21.820380428670376
2026-04-13 15:59:59.999000+00:00,21.820380428670376
2026-04-13 19:59:59.999000+00:00,21.820380428670376
2026-04-13 23:59:59.999000+00:00,21.820380428670376
2026-04-14 03:59:59.999000+00:00,21.820380428670376
2026-04-14 07:59:59.999000+00:00,21.820380428670376
2026-04-14 11:59:59.999000+00:00,21.820380428670376
2026-04-14 15:59:59.999000+00:00,21.820380428670376
2026-04-14 19:59:59.999000+00:00,21.820380428670376
2026-04-14 23:59:59.999000+00:00,21.820380428670376
2026-04-15 03:59:59.999000+00:00,21.820380428670376
2026-04-15 07:59:59.999000+00:00,21.820380428670376
2026-04-15 11:59:59.999000+00:00,21.820380428670376
2026-04-15 15:59:59.999000+00:00,21.820380428670376
2026-04-15 19:59:59.999000+00:00,21.820380428670376
2026-04-15 23:59:59.999000+00:00,21.820380428670376
2026-04-16 03:59:59.999000+00:00,21.820380428670376
2026-04-16 07:59:59.999000+00:00,21.820380428670376
2026-04-16 11:59:59.999000+00:00,21.820380428670376
2026-04-16 15:59:59.999000+00:00,21.820380428670376
2026-04-16 19:59:59.999000+00:00,21.820380428670376
2026-04-16 23:59:59.999000+00:00,21.820380428670376
2026-04-17 03:59:59.999000+00:00,21.820380428670376
2026-04-17 07:59:59.999000+00:00,21.820380428670376
2026-04-17 11:59:59.999000+00:00,21.820380428670376
2026-04-17 15:59:59.999000+00:00,21.820380428670376
2026-04-17 19:59:59.999000+00:00,21.820380428670376
2026-04-17 23:59:59.999000+00:00,21.820380428670376
2026-04-18 03:59:59.999000+00:00,21.820380428670376
2026-04-18 07:59:59.999000+00:00,21.820380428670376
2026-04-18 11:59:59.999000+00:00,21.820380428670376
2026-04-18 15:59:59.999000+00:00,21.820380428670376
2026-04-18 19:59:59.999000+00:00,21.820380428670376
2026-04-18 23:59:59.999000+00:00,21.820380428670376
2026-04-19 03:59:59.999000+00:00,21.820380428670376
2026-04-19 07:59:59.999000+00:00,21.820380428670376
2026-04-19 11:59:59.999000+00:00,21.820380428670376
2026-04-19 15:59:59.999000+00:00,21.820380428670376
2026-04-19 19:59:59.999000+00:00,21.820380428670376
2026-04-19 23:59:59.999000+00:00,21.820380428670376
2026-04-20 03:59:59.999000+00:00,21.820380428670376
2026-04-20 07:59:59.999000+00:00,21.820380428670376
2026-04-20 11:59:59.999000+00:00,21.820380428670376
2026-04-20 15:59:59.999000+00:00,21.820380428670376
2026-04-20 19:59:59.999000+00:00,21.820380428670376
2026-04-20 23:59:59.999000+00:00,21.820380428670376
2026-04-21 03:59:59.999000+00:00,21.820380428670376
2026-04-21 07:59:59.999000+00:00,21.820380428670376
2026-04-21 11:59:59.999000+00:00,21.820380428670376
2026-04-21 15:59:59.999000+00:00,21.820380428670376
2026-04-21 19:59:59.999000+00:00,21.820380428670376
2026-04-21 23:59:59.999000+00:00,21.820380428670376
2026-04-22 03:59:59.999000+00:00,21.820380428670376
2026-04-22 07:59:59.999000+00:00,21.820380428670376
2026-04-22 11:59:59.999000+00:00,21.820380428670376
2026-04-22 15:59:59.999000+00:00,21.820380428670376
2026-04-22 19:59:59.999000+00:00,21.820380428670376
2026-04-22 23:59:59.999000+00:00,21.820380428670376
2026-04-23 03:59:59.999000+00:00,21.820380428670376
2026-04-23 07:59:59.999000+00:00,21.820380428670376
2026-04-23 11:59:59.999000+00:00,21.820380428670376
2026-04-23 15:59:59.999000+00:00,21.820380428670376
2026-04-23 19:59:59.999000+00:00,21.820380428670376
2026-04-23 23:59:59.999000+00:00,21.820380428670376
2026-04-24 03:59:59.999000+00:00,21.820380428670376
2026-04-24 07:59:59.999000+00:00,21.820380428670376
2026-04-24 11:59:59.999000+00:00,21.820380428670376
2026-04-24 15:59:59.999000+00:00,21.820380428670376
2026-04-24 19:59:59.999000+00:00,21.820380428670376
2026-04-24 23:59:59.999000+00:00,21.820380428670376
2026-04-25 03:59:59.999000+00:00,21.820380428670376
2026-04-25 07:59:59.999000+00:00,21.820380428670376
2026-04-25 11:59:59.999000+00:00,21.820380428670376
2026-04-25 15:59:59.999000+00:00,21.820380428670376
2026-04-25 19:59:59.999000+00:00,21.820380428670376
2026-04-25 23:59:59.999000+00:00,21.820380428670376
2026-04-26 03:59:59.999000+00:00,21.820380428670376
2026-04-26 07:59:59.999000+00:00,21.820380428670376
2026-04-26 11:59:59.999000+00:00,21.820380428670376
2026-04-26 15:59:59.999000+00:00,21.820380428670376
2026-04-26 19:59:59.999000+00:00,21.820380428670376
2026-04-26 23:59:59.999000+00:00,21.820380428670376
2026-04-27 03:59:59.999000+00:00,21.820380428670376
2026-04-27 07:59:59.999000+00:00,21.820380428670376
2026-04-27 11:59:59.999000+00:00,21.820380428670376
2026-04-27 15:59:59.999000+00:00,21.820380428670376
2026-04-27 19:59:59.999000+00:00,21.820380428670376
2026-04-27 23:59:59.999000+00:00,21.820380428670376
2026-04-28 03:59:59.999000+00:00,21.820380428670376
2026-04-28 07:59:59.999000+00:00,21.820380428670376
2026-04-28 11:59:59.999000+00:00,21.820380428670376
2026-04-28 15:59:59.999000+00:00,21.820380428670376
2026-04-28 19:59:59.999000+00:00,21.820380428670376
2026-04-28 23:59:59.999000+00:00,21.820380428670376
2026-04-29 03:59:59.999000+00:00,21.820380428670376
2026-04-29 07:59:59.999000+00:00,21.820380428670376
2026-04-29 11:59:59.999000+00:00,21.820380428670376
2026-04-29 15:59:59.999000+00:00,21.820380428670376
2026-04-29 19:59:59.999000+00:00,21.820380428670376
2026-04-29 23:59:59.999000+00:00,21.820380428670376
2026-04-30 03:59:59.999000+00:00,21.820380428670376
2026-04-30 07:59:59.999000+00:00,21.820380428670376
2026-04-30 11:59:59.999000+00:00,21.820380428670376
2026-04-30 15:59:59.999000+00:00,21.820380428670376
2026-04-30 19:59:59.999000+00:00,21.820380428670376
2026-04-30 23:59:59.999000+00:00,21.820380428670376
2026-05-01 03:59:59.999000+00:00,21.820380428670376
2026-05-01 07:59:59.999000+00:00,21.820380428670376
2026-05-01 11:59:59.999000+00:00,21.820380428670376
2026-05-01 15:59:59.999000+00:00,21.820380428670376
2026-05-01 19:59:59.999000+00:00,21.797985743946974
2026-05-01 23:59:59.999000+00:00,21.78381004394698
2026-05-02 03:59:59.999000+00:00,21.802385743946978
2026-05-02 07:59:59.999000+00:00,21.782585743946974
2026-05-02 11:59:59.999000+00:00,21.774124543946975
2026-05-02 15:59:59.999000+00:00,21.812029443946976
2026-05-02 19:59:59.999000+00:00,21.811845743946975
2026-05-02 23:59:59.999000+00:00,21.83393924394698
2026-05-03 03:59:59.999000+00:00,21.780724543946974
2026-05-03 07:59:59.999000+00:00,21.798343243946974
2026-05-03 11:59:59.999000+00:00,21.830546843946976
2026-05-03 15:59:59.999000+00:00,21.83190534394698
2026-05-03 19:59:59.999000+00:00,21.842020943946977
2026-05-03 23:59:59.999000+00:00,21.820928443946976
2026-05-04 03:59:59.999000+00:00,22.013179843946975
2026-05-04 07:59:59.999000+00:00,21.945028243946975
2026-05-04 11:59:59.999000+00:00,21.845689443946974
2026-05-04 15:59:59.999000+00:00,21.981559243946975
2026-05-04 19:59:59.999000+00:00,21.984249843946976
2026-05-04 23:59:59.999000+00:00,21.963096843946975
2026-05-05 03:59:59.999000+00:00,22.076624543946977
2026-05-05 07:59:59.999000+00:00,22.072500643946974
2026-05-05 11:59:59.999000+00:00,22.089931243946978
2026-05-05 15:59:59.999000+00:00,22.146156643946977
2026-05-05 19:59:59.999000+00:00,22.155084243946977
2026-05-05 23:59:59.999000+00:00,22.077992943946974
2026-05-06 03:59:59.999000+00:00,22.152371643946978
2026-05-06 07:59:59.999000+00:00,22.127965943946975
2026-05-06 11:59:59.999000+00:00,22.229821233711228
2026-05-06 15:59:59.999000+00:00,22.229821233711228
2026-05-06 19:59:59.999000+00:00,22.229821233711228
2026-05-06 23:59:59.999000+00:00,22.229821233711228
2026-05-07 03:59:59.999000+00:00,22.229821233711228
2026-05-07 07:59:59.999000+00:00,22.229821233711228
2026-05-07 11:59:59.999000+00:00,22.229821233711228
2026-05-07 15:59:59.999000+00:00,22.229821233711228
2026-05-07 19:59:59.999000+00:00,22.229821233711228
2026-05-07 23:59:59.999000+00:00,22.229821233711228
2026-05-08 03:59:59.999000+00:00,22.229821233711228
2026-05-08 07:59:59.999000+00:00,22.229821233711228
2026-05-08 11:59:59.999000+00:00,22.229821233711228
2026-05-08 15:59:59.999000+00:00,22.229821233711228
2026-05-08 19:59:59.999000+00:00,22.229821233711228
2026-05-08 23:59:59.999000+00:00,22.229821233711228
2026-05-09 03:59:59.999000+00:00,22.229821233711228
2026-05-09 07:59:59.999000+00:00,22.229821233711228
2026-05-09 11:59:59.999000+00:00,22.229821233711228
2026-05-09 15:59:59.999000+00:00,22.229821233711228
2026-05-09 19:59:59.999000+00:00,22.229821233711228
2026-05-09 23:59:59.999000+00:00,22.229821233711228
2026-05-10 03:59:59.999000+00:00,22.229821233711228
2026-05-10 07:59:59.999000+00:00,22.229821233711228
2026-05-10 11:59:59.999000+00:00,22.229821233711228
2026-05-10 15:59:59.999000+00:00,22.229821233711228
2026-05-10 19:59:59.999000+00:00,22.229821233711228
2026-05-10 23:59:59.999000+00:00,22.229821233711228
2026-05-11 03:59:59.999000+00:00,22.229821233711228
2026-05-11 07:59:59.999000+00:00,22.229821233711228
2026-05-11 11:59:59.999000+00:00,22.229821233711228
2026-05-11 15:59:59.999000+00:00,22.229821233711228
2026-05-11 19:59:59.999000+00:00,22.229821233711228
2026-05-11 23:59:59.999000+00:00,22.229821233711228
2026-05-12 03:59:59.999000+00:00,22.229821233711228
2026-05-12 07:59:59.999000+00:00,22.229821233711228
2026-05-12 11:59:59.999000+00:00,22.229821233711228
2026-05-12 15:59:59.999000+00:00,22.229821233711228
2026-05-12 19:59:59.999000+00:00,22.229821233711228
2026-05-12 23:59:59.999000+00:00,22.229821233711228
2026-05-13 03:59:59.999000+00:00,22.229821233711228
2026-05-13 07:59:59.999000+00:00,22.229821233711228
2026-05-13 11:59:59.999000+00:00,22.229821233711228
2026-05-13 15:59:59.999000+00:00,22.229821233711228
2026-05-13 19:59:59.999000+00:00,22.229821233711228
2026-05-13 23:59:59.999000+00:00,22.229821233711228
2026-05-14 03:59:59.999000+00:00,22.229821233711228
2026-05-14 07:59:59.999000+00:00,22.229821233711228
2026-05-14 11:59:59.999000+00:00,22.229821233711228
2026-05-14 15:59:59.999000+00:00,22.229821233711228
2026-05-14 19:59:59.999000+00:00,22.22947398565023
2026-05-14 23:59:59.999000+00:00,22.19649898565023
2026-05-15 03:59:59.999000+00:00,22.19341498565023
2026-05-15 07:59:59.999000+00:00,22.168987985650226
2026-05-15 11:59:59.999000+00:00,22.15035298565023
2026-05-15 15:59:59.999000+00:00,22.006439703066228
2026-05-15 19:59:59.999000+00:00,22.006439703066228
2026-05-15 23:59:59.999000+00:00,22.006439703066228
2026-05-16 03:59:59.999000+00:00,22.006439703066228
2026-05-16 07:59:59.999000+00:00,22.006439703066228
2026-05-16 11:59:59.999000+00:00,22.006439703066228
2026-05-16 15:59:59.999000+00:00,22.006439703066228
2026-05-16 19:59:59.999000+00:00,22.006439703066228
2026-05-16 23:59:59.999000+00:00,22.006439703066228
2026-05-17 03:59:59.999000+00:00,22.006439703066228
2026-05-17 07:59:59.999000+00:00,22.006439703066228
2026-05-17 11:59:59.999000+00:00,22.006439703066228
2026-05-17 15:59:59.999000+00:00,22.006439703066228
2026-05-17 19:59:59.999000+00:00,22.006439703066228
2026-05-17 23:59:59.999000+00:00,22.006439703066228
2026-05-18 03:59:59.999000+00:00,22.006439703066228
2026-05-18 07:59:59.999000+00:00,22.006439703066228
2026-05-18 11:59:59.999000+00:00,22.006439703066228
2026-05-18 15:59:59.999000+00:00,22.006439703066228
2026-05-18 19:59:59.999000+00:00,22.006439703066228
2026-05-18 23:59:59.999000+00:00,22.006439703066228
2026-05-19 03:59:59.999000+00:00,22.006439703066228
2026-05-19 07:59:59.999000+00:00,22.006439703066228
2026-05-19 11:59:59.999000+00:00,22.006439703066228
2026-05-19 15:59:59.999000+00:00,22.006439703066228
2026-05-19 19:59:59.999000+00:00,22.006439703066228
2026-05-19 23:59:59.999000+00:00,22.006439703066228
2026-05-20 03:59:59.999000+00:00,22.006439703066228
2026-05-20 07:59:59.999000+00:00,22.006439703066228
2026-05-20 11:59:59.999000+00:00,22.006439703066228
2026-05-20 15:59:59.999000+00:00,22.006439703066228
2026-05-20 19:59:59.999000+00:00,22.006439703066228
2026-05-20 23:59:59.999000+00:00,22.006439703066228
2026-05-21 03:59:59.999000+00:00,22.006439703066228
2026-05-21 07:59:59.999000+00:00,22.006439703066228
2026-05-21 11:59:59.999000+00:00,22.006439703066228
2026-05-21 15:59:59.999000+00:00,22.006439703066228
2026-05-21 19:59:59.999000+00:00,22.006439703066228
2026-05-21 23:59:59.999000+00:00,22.006439703066228
2026-05-22 03:59:59.999000+00:00,22.006439703066228
2026-05-22 07:59:59.999000+00:00,22.006439703066228
2026-05-22 11:59:59.999000+00:00,22.006439703066228
2026-05-22 15:59:59.999000+00:00,22.006439703066228
2026-05-22 19:59:59.999000+00:00,22.006439703066228
2026-05-22 23:59:59.999000+00:00,22.006439703066228
2026-05-23 03:59:59.999000+00:00,22.006439703066228
2026-05-23 07:59:59.999000+00:00,22.006439703066228
2026-05-23 11:59:59.999000+00:00,22.006439703066228
2026-05-23 15:59:59.999000+00:00,22.006439703066228
2026-05-23 19:59:59.999000+00:00,22.006439703066228
2026-05-23 23:59:59.999000+00:00,22.006439703066228
2026-05-24 03:59:59.999000+00:00,22.006439703066228
2026-05-24 07:59:59.999000+00:00,22.006439703066228
2026-05-24 11:59:59.999000+00:00,22.006439703066228
2026-05-24 15:59:59.999000+00:00,22.006439703066228
2026-05-24 19:59:59.999000+00:00,22.006439703066228
2026-05-24 23:59:59.999000+00:00,22.006439703066228
2026-05-25 03:59:59.999000+00:00,22.006439703066228
2026-05-25 07:59:59.999000+00:00,22.006439703066228
2026-05-25 11:59:59.999000+00:00,22.006439703066228
2026-05-25 15:59:59.999000+00:00,22.006439703066228
2026-05-25 19:59:59.999000+00:00,22.006439703066228
2026-05-25 23:59:59.999000+00:00,22.006439703066228
2026-05-26 03:59:59.999000+00:00,22.006439703066228
2026-05-26 07:59:59.999000+00:00,22.006439703066228
2026-05-26 11:59:59.999000+00:00,22.006439703066228
2026-05-26 15:59:59.999000+00:00,22.006439703066228
2026-05-26 19:59:59.999000+00:00,22.006439703066228
2026-05-26 23:59:59.999000+00:00,22.006439703066228
2026-05-27 03:59:59.999000+00:00,22.006439703066228
2026-05-27 07:59:59.999000+00:00,22.006439703066228
2026-05-27 11:59:59.999000+00:00,22.006439703066228
2026-05-27 15:59:59.999000+00:00,22.006439703066228
2026-05-27 19:59:59.999000+00:00,22.006439703066228
2026-05-27 23:59:59.999000+00:00,22.006439703066228
2026-05-28 03:59:59.999000+00:00,22.006439703066228
2026-05-28 07:59:59.999000+00:00,22.006439703066228
2026-05-28 11:59:59.999000+00:00,22.006439703066228
2026-05-28 15:59:59.999000+00:00,22.006439703066228
2026-05-28 19:59:59.999000+00:00,22.006439703066228
2026-05-28 23:59:59.999000+00:00,22.006439703066228
2026-05-29 03:59:59.999000+00:00,22.006439703066228
2026-05-29 07:59:59.999000+00:00,22.006439703066228
2026-05-29 11:59:59.999000+00:00,22.006439703066228
2026-05-29 15:59:59.999000+00:00,22.006439703066228
2026-05-29 19:59:59.999000+00:00,22.006439703066228
2026-05-29 23:59:59.999000+00:00,22.006439703066228
2026-05-30 03:59:59.999000+00:00,22.006439703066228
2026-05-30 07:59:59.999000+00:00,22.006439703066228
2026-05-30 11:59:59.999000+00:00,22.006439703066228
2026-05-30 15:59:59.999000+00:00,22.006439703066228
2026-05-30 19:59:59.999000+00:00,22.006439703066228
2026-05-30 23:59:59.999000+00:00,22.006439703066228
2026-05-31 03:59:59.999000+00:00,22.006439703066228
2026-05-31 07:59:59.999000+00:00,22.006439703066228
2026-05-31 11:59:59.999000+00:00,22.006439703066228
2026-05-31 15:59:59.999000+00:00,22.006439703066228
2026-05-31 19:59:59.999000+00:00,22.006439703066228
2026-05-31 23:59:59.999000+00:00,22.006439703066228
2026-06-01 03:59:59.999000+00:00,22.006439703066228
2026-06-01 07:59:59.999000+00:00,22.006439703066228
2026-06-01 11:59:59.999000+00:00,22.006439703066228
2026-06-01 15:59:59.999000+00:00,22.006439703066228
2026-06-01 19:59:59.999000+00:00,22.006439703066228
2026-06-01 23:59:59.999000+00:00,22.006439703066228
2026-06-02 03:59:59.999000+00:00,22.006439703066228
2026-06-02 07:59:59.999000+00:00,22.006439703066228
2026-06-02 11:59:59.999000+00:00,22.006439703066228
2026-06-02 15:59:59.999000+00:00,22.006439703066228
2026-06-02 19:59:59.999000+00:00,22.006439703066228
2026-06-02 23:59:59.999000+00:00,22.006439703066228
2026-06-03 03:59:59.999000+00:00,22.006439703066228
2026-06-03 07:59:59.999000+00:00,22.006439703066228
2026-06-03 11:59:59.999000+00:00,22.006439703066228
2026-06-03 15:59:59.999000+00:00,22.006439703066228
2026-06-03 19:59:59.999000+00:00,22.006439703066228
2026-06-03 23:59:59.999000+00:00,22.006439703066228
2026-06-04 03:59:59.999000+00:00,22.006439703066228
2026-06-04 07:59:59.999000+00:00,22.006439703066228
2026-06-04 11:59:59.999000+00:00,22.006439703066228
2026-06-04 15:59:59.999000+00:00,22.006439703066228
2026-06-04 19:59:59.999000+00:00,22.006439703066228
2026-06-04 23:59:59.999000+00:00,22.006439703066228
2026-06-05 03:59:59.999000+00:00,22.006439703066228
2026-06-05 07:59:59.999000+00:00,22.006439703066228
2026-06-05 11:59:59.999000+00:00,22.006439703066228
2026-06-05 15:59:59.999000+00:00,22.006439703066228
2026-06-05 19:59:59.999000+00:00,22.006439703066228
2026-06-05 23:59:59.999000+00:00,22.006439703066228
2026-06-06 03:59:59.999000+00:00,22.006439703066228
2026-06-06 07:59:59.999000+00:00,22.006439703066228
2026-06-06 11:59:59.999000+00:00,22.006439703066228
2026-06-06 15:59:59.999000+00:00,22.006439703066228
2026-06-06 19:59:59.999000+00:00,22.006439703066228
2026-06-06 23:59:59.999000+00:00,22.006439703066228
2026-06-07 03:59:59.999000+00:00,22.006439703066228
2026-06-07 07:59:59.999000+00:00,22.006439703066228
2026-06-07 11:59:59.999000+00:00,22.006439703066228
2026-06-07 15:59:59.999000+00:00,22.006439703066228
2026-06-07 19:59:59.999000+00:00,22.006439703066228
2026-06-07 23:59:59.999000+00:00,22.006439703066228
2026-06-08 03:59:59.999000+00:00,22.006439703066228
2026-06-08 07:59:59.999000+00:00,22.006439703066228
2026-06-08 11:59:59.999000+00:00,22.006439703066228
2026-06-08 15:59:59.999000+00:00,22.006439703066228
2026-06-08 19:59:59.999000+00:00,22.006439703066228
2026-06-08 23:59:59.999000+00:00,22.006439703066228
2026-06-09 03:59:59.999000+00:00,22.006439703066228
2026-06-09 07:59:59.999000+00:00,22.006439703066228
2026-06-09 11:59:59.999000+00:00,22.006439703066228
2026-06-09 15:59:59.999000+00:00,22.006439703066228
2026-06-09 19:59:59.999000+00:00,22.006439703066228
2026-06-09 23:59:59.999000+00:00,22.006439703066228
2026-06-10 03:59:59.999000+00:00,22.006439703066228
2026-06-10 07:59:59.999000+00:00,22.006439703066228
2026-06-10 11:59:59.999000+00:00,22.006439703066228
2026-06-10 15:59:59.999000+00:00,22.006439703066228
2026-06-10 19:59:59.999000+00:00,22.006439703066228
2026-06-10 23:59:59.999000+00:00,22.006439703066228
2026-06-11 03:59:59.999000+00:00,22.006439703066228
2026-06-11 07:59:59.999000+00:00,22.006439703066228
2026-06-11 11:59:59.999000+00:00,22.006439703066228
2026-06-11 15:59:59.999000+00:00,22.006439703066228
2026-06-11 19:59:59.999000+00:00,22.006439703066228
2026-06-11 23:59:59.999000+00:00,22.006439703066228
2026-06-12 03:59:59.999000+00:00,22.006439703066228
2026-06-12 07:59:59.999000+00:00,22.006439703066228
2026-06-12 11:59:59.999000+00:00,22.006439703066228
2026-06-12 15:59:59.999000+00:00,22.006439703066228
2026-06-12 19:59:59.999000+00:00,22.006439703066228
2026-06-12 23:59:59.999000+00:00,22.006439703066228
2026-06-13 03:59:59.999000+00:00,22.006439703066228
2026-06-13 07:59:59.999000+00:00,22.006439703066228
2026-06-13 11:59:59.999000+00:00,22.006439703066228
2026-06-13 15:59:59.999000+00:00,22.006439703066228
2026-06-13 19:59:59.999000+00:00,22.006439703066228
2026-06-13 23:59:59.999000+00:00,22.006439703066228
2026-06-14 03:59:59.999000+00:00,22.006439703066228
2026-06-14 07:59:59.999000+00:00,22.006439703066228
2026-06-14 11:59:59.999000+00:00,22.006439703066228
2026-06-14 15:59:59.999000+00:00,22.006439703066228
2026-06-14 19:59:59.999000+00:00,22.006439703066228
2026-06-14 23:59:59.999000+00:00,22.006439703066228
2026-06-15 03:59:59.999000+00:00,22.006439703066228
2026-06-15 07:59:59.999000+00:00,22.006439703066228
2026-06-15 11:59:59.999000+00:00,22.066317056006827
2026-06-15 15:59:59.999000+00:00,22.203888256006827
2026-06-15 19:59:59.999000+00:00,22.11577555600683
2026-06-15 23:59:59.999000+00:00,22.078646256006827
2026-06-16 03:59:59.999000+00:00,22.057387356006828
2026-06-16 07:59:59.999000+00:00,22.08427005600683
2026-06-16 11:59:59.999000+00:00,22.09853495600683
2026-06-16 15:59:59.999000+00:00,22.017678856006828
2026-06-16 19:59:59.999000+00:00,21.99377445600683
2026-06-16 23:59:59.999000+00:00,21.993661356006825
2026-06-17 03:59:59.999000+00:00,22.01666875600683
2026-06-17 07:59:59.999000+00:00,21.97604505600683
2026-06-17 11:59:59.999000+00:00,21.88121135600683
2026-06-17 15:59:59.999000+00:00,22.003670056006825
2026-06-17 19:59:59.999000+00:00,21.771858564725328
2026-06-17 23:59:59.999000+00:00,21.771858564725328
2026-06-18 03:59:59.999000+00:00,21.771858564725328
2026-06-18 07:59:59.999000+00:00,21.771858564725328
2026-06-18 11:59:59.999000+00:00,21.771858564725328
2026-06-18 15:59:59.999000+00:00,21.771858564725328
2026-06-18 19:59:59.999000+00:00,21.771858564725328
2026-06-18 23:59:59.999000+00:00,21.771858564725328
2026-06-19 03:59:59.999000+00:00,21.771858564725328
2026-06-19 07:59:59.999000+00:00,21.771858564725328
2026-06-19 11:59:59.999000+00:00,21.771858564725328
2026-06-19 15:59:59.999000+00:00,21.771858564725328
2026-06-19 19:59:59.999000+00:00,21.771858564725328
2026-06-19 23:59:59.999000+00:00,21.771858564725328
2026-06-20 03:59:59.999000+00:00,21.771858564725328
2026-06-20 07:59:59.999000+00:00,21.771858564725328
2026-06-20 11:59:59.999000+00:00,21.771858564725328
2026-06-20 15:59:59.999000+00:00,21.771858564725328
2026-06-20 19:59:59.999000+00:00,21.771858564725328
2026-06-20 23:59:59.999000+00:00,21.771858564725328
2026-06-21 03:59:59.999000+00:00,21.771858564725328
2026-06-21 07:59:59.999000+00:00,21.771858564725328
2026-06-21 11:59:59.999000+00:00,21.771858564725328
2026-06-21 15:59:59.999000+00:00,21.771858564725328
2026-06-21 19:59:59.999000+00:00,21.771858564725328
2026-06-21 23:59:59.999000+00:00,21.771858564725328
2026-06-22 03:59:59.999000+00:00,21.771858564725328
2026-06-22 07:59:59.999000+00:00,21.771858564725328
2026-06-22 11:59:59.999000+00:00,21.771858564725328
2026-06-22 15:59:59.999000+00:00,21.771858564725328
2026-06-22 19:59:59.999000+00:00,21.771858564725328
2026-06-22 23:59:59.999000+00:00,21.771858564725328
2026-06-23 03:59:59.999000+00:00,21.771858564725328
2026-06-23 07:59:59.999000+00:00,21.771858564725328
2026-06-23 11:59:59.999000+00:00,21.771858564725328
2026-06-23 15:59:59.999000+00:00,21.771858564725328
2026-06-23 19:59:59.999000+00:00,21.771858564725328
2026-06-23 23:59:59.999000+00:00,21.771858564725328
2026-06-24 03:59:59.999000+00:00,21.771858564725328
2026-06-24 07:59:59.999000+00:00,21.771858564725328
2026-06-24 11:59:59.999000+00:00,21.771858564725328
2026-06-24 15:59:59.999000+00:00,21.771858564725328
2026-06-24 19:59:59.999000+00:00,21.771858564725328
2026-06-24 23:59:59.999000+00:00,21.771858564725328
2026-06-25 03:59:59.999000+00:00,21.771858564725328
2026-06-25 07:59:59.999000+00:00,21.771858564725328
2026-06-25 11:59:59.999000+00:00,21.771858564725328
2026-06-25 15:59:59.999000+00:00,21.771858564725328
2026-06-25 19:59:59.999000+00:00,21.771858564725328
2026-06-25 23:59:59.999000+00:00,21.771858564725328
2026-06-26 03:59:59.999000+00:00,21.771858564725328
2026-06-26 07:59:59.999000+00:00,21.771858564725328
2026-06-26 11:59:59.999000+00:00,21.771858564725328
2026-06-26 15:59:59.999000+00:00,21.771858564725328
2026-06-26 19:59:59.999000+00:00,21.771858564725328
2026-06-26 23:59:59.999000+00:00,21.771858564725328
2026-06-27 03:59:59.999000+00:00,21.771858564725328
2026-06-27 07:59:59.999000+00:00,21.771858564725328
2026-06-27 11:59:59.999000+00:00,21.771858564725328
2026-06-27 15:59:59.999000+00:00,21.771858564725328
2026-06-27 19:59:59.999000+00:00,21.771858564725328
2026-06-27 23:59:59.999000+00:00,21.771858564725328
2026-06-28 03:59:59.999000+00:00,21.771858564725328
2026-06-28 07:59:59.999000+00:00,21.771858564725328
2026-06-28 11:59:59.999000+00:00,21.771858564725328
2026-06-28 15:59:59.999000+00:00,21.771858564725328
2026-06-28 19:59:59.999000+00:00,21.771858564725328
2026-06-28 23:59:59.999000+00:00,21.771858564725328
2026-06-29 03:59:59.999000+00:00,21.771858564725328
2026-06-29 07:59:59.999000+00:00,21.771858564725328
2026-06-29 11:59:59.999000+00:00,21.771858564725328
2026-06-29 15:59:59.999000+00:00,21.771858564725328
2026-06-29 19:59:59.999000+00:00,21.771858564725328
2026-06-29 23:59:59.999000+00:00,21.771858564725328
2026-06-30 03:59:59.999000+00:00,21.771858564725328
2026-06-30 07:59:59.999000+00:00,21.771858564725328
2026-06-30 11:59:59.999000+00:00,21.771858564725328
2026-06-30 15:59:59.999000+00:00,21.771858564725328
2026-06-30 19:59:59.999000+00:00,21.771858564725328
2026-06-30 23:59:59.999000+00:00,21.771858564725328
2026-07-01 03:59:59.999000+00:00,21.771858564725328
2026-07-01 07:59:59.999000+00:00,21.771858564725328
2026-07-01 11:59:59.999000+00:00,21.771858564725328
2026-07-01 15:59:59.999000+00:00,21.771858564725328
2026-07-01 19:59:59.999000+00:00,21.771858564725328
2026-07-01 23:59:59.999000+00:00,21.771858564725328
2026-07-02 03:59:59.999000+00:00,21.771858564725328
2026-07-02 07:59:59.999000+00:00,21.771858564725328
2026-07-02 11:59:59.999000+00:00,21.771858564725328
2026-07-02 15:59:59.999000+00:00,21.771858564725328
2026-07-02 19:59:59.999000+00:00,21.771858564725328
2026-07-02 23:59:59.999000+00:00,21.771858564725328
2026-07-03 03:59:59.999000+00:00,21.771858564725328
2026-07-03 07:59:59.999000+00:00,21.771858564725328
2026-07-03 11:59:59.999000+00:00,21.771858564725328
2026-07-03 15:59:59.999000+00:00,21.771858564725328
2026-07-03 19:59:59.999000+00:00,21.771858564725328
2026-07-03 23:59:59.999000+00:00,21.80824737107533
2026-07-04 03:59:59.999000+00:00,21.81397127107533
2026-07-04 07:59:59.999000+00:00,21.80730357107533
2026-07-04 11:59:59.999000+00:00,21.79508487107533
2026-07-04 15:59:59.999000+00:00,21.85505127107533
2026-07-04 19:59:59.999000+00:00,21.900737171075328
2026-07-04 23:59:59.999000+00:00,21.88114487107533
2026-07-05 03:59:59.999000+00:00,21.83239877107533
2026-07-05 07:59:59.999000+00:00,21.86505087107533
2026-07-05 11:59:59.999000+00:00,21.81808317107533
2026-07-05 15:59:59.999000+00:00,21.828624871075327
2026-07-05 19:59:59.999000+00:00,21.832377971075328
2026-07-05 23:59:59.999000+00:00,21.94692357107533
2026-07-06 03:59:59.999000+00:00,21.900643571075328
2026-07-06 07:59:59.999000+00:00,21.87404817107533
2026-07-06 11:59:59.999000+00:00,21.795322771075327
2026-07-06 15:59:59.999000+00:00,21.93340097107533
2026-07-06 19:59:59.999000+00:00,21.95843117107533
2026-07-06 23:59:59.999000+00:00,21.99788617107533
2026-07-07 03:59:59.999000+00:00,21.887254871075328
2026-07-07 07:59:59.999000+00:00,21.87323697107533
2026-07-07 11:59:59.999000+00:00,21.91520357107533
2026-07-07 15:59:59.999000+00:00,21.983389871075328
2026-07-07 19:59:59.999000+00:00,21.968762271075327
2026-07-07 23:59:59.999000+00:00,21.90974227107533
2026-07-08 03:59:59.999000+00:00,21.83200357107533
2026-07-08 07:59:59.999000+00:00,21.84790907107533
2026-07-08 11:59:59.999000+00:00,21.77142227107533
2026-07-08 15:59:59.999000+00:00,21.69394487107533
2026-07-08 19:59:59.999000+00:00,21.76856097107533
2026-07-08 23:59:59.999000+00:00,21.77012357107533
2026-07-09 03:59:59.999000+00:00,21.729087771075328
2026-07-09 07:59:59.999000+00:00,21.86242357107533
2026-07-09 11:59:59.999000+00:00,21.83464777107533
2026-07-09 15:59:59.999000+00:00,21.84527007107533
2026-07-09 19:59:59.999000+00:00,21.89467657107533
2026-07-09 23:59:59.999000+00:00,21.89232357107533
2026-07-10 03:59:59.999000+00:00,21.985559571075328
2026-07-10 07:59:59.999000+00:00,21.98761357107533
2026-07-10 11:59:59.999000+00:00,22.02073378054898
